suite,bin,action,share,n,positive,success,reward,no_feasible
D03-I,1-10,A1,0.17878226503643324,7238,3352,0.463111356728378,2.133053327638123,0.0
D03-I,1-10,A2,0.2054094108929233,8316,3658,0.43987493987493986,2.5276711681403383,0.0
D03-I,1-10,A3,0.11792021736445597,4774,1295,0.27126099706744866,1.5153828761479096,0.0
D03-I,1-10,A4,0.0879091021365938,3559,1117,0.3138522056757516,1.039924273781374,0.192469794886204
D03-I,1-10,A5,0.05878720513770532,2380,501,0.21050420168067227,0.4307426854146375,0.4445378151260504
D03-I,1-10,A6,0.14064468321600593,5694,1673,0.2938180540920267,1.9016100889584922,0.0
D03-I,1-10,A7,0.14909225639125603,6036,2774,0.45957587806494365,2.2221637902203044,0.061298873426110005
D03-I,1-10,A8,0.0614548598246264,2488,453,0.18207395498392284,1.1103411602581614,0.2845659163987138
D03-I,11-20,A1,0.17427767354596624,9289,1732,0.186457099795457,0.6197403459778879,0.0
D03-I,11-20,A2,0.18196998123827393,9699,1792,0.18476131559954634,0.8217855810116806,0.0
D03-I,11-20,A3,0.12196998123827392,6501,549,0.0844485463774804,0.4042092212102964,0.0
D03-I,11-20,A4,0.09168855534709193,4887,803,0.1643134847554737,0.36714933019420065,0.1379169224473092
D03-I,11-20,A5,0.0675984990619137,3603,663,0.18401332223147376,0.19823314343478687,0.331112961421038
D03-I,11-20,A6,0.09339587242026266,4978,141,0.028324628364805142,0.16103683232412042,0.0
D03-I,11-20,A7,0.2196810506566604,11709,3693,0.31539841147834996,1.1161139702160847,0.06012469040908703
D03-I,11-20,A8,0.04941838649155722,2634,184,0.06985573272589218,0.05111481334566005,0.4381169324221716
D03-I,21-30,A1,0.1533918449442311,8389,846,0.10084634640600787,0.2931064248491143,0.0
D03-I,21-30,A2,0.1667763759371,9121,738,0.08091218068194277,0.2900186480154915,0.0
D03-I,21-30,A3,0.10828304991771805,5922,165,0.027862208713272545,0.11417098726811109,0.0
D03-I,21-30,A4,0.08511610897787529,4655,350,0.07518796992481203,0.09241296528363634,0.10483351235230934
D03-I,21-30,A5,0.05982812214298775,3272,364,0.11124694376528117,-0.05791763177182145,0.3147921760391198
D03-I,21-30,A6,0.09336258913878223,5106,21,0.004112808460634548,0.025319643547966585,0.0
D03-I,21-30,A7,0.2966904370085939,16226,3883,0.239307284604955,0.7897163160122372,0.04110686552446691
D03-I,21-30,A8,0.036551471932711646,1999,91,0.04552276138069034,-0.1930908293147398,0.4852426213106553
D03-I,31-40,A1,0.16377344265384977,8689,587,0.06755668086085856,0.16680718215071957,0.0
D03-I,31-40,A2,0.17434737536518707,9250,663,0.07167567567567568,0.2737473995563883,0.0
D03-I,31-40,A3,0.10786919234756386,5723,66,0.011532413070068146,0.029012907246969918,0.0
D03-I,31-40,A4,0.08425219112242013,4470,280,0.06263982102908278,0.0591045412757884,0.08076062639821029
D03-I,31-40,A5,0.047026670436339645,2495,185,0.07414829659318638,-0.05950595357348406,0.22444889779559118
D03-I,31-40,A6,0.09671096032419188,5131,11,0.0021438316117715845,0.011672064870619938,0.0
D03-I,31-40,A7,0.3006879653190086,15953,3440,0.215633423180593,0.616801185052834,0.035667272613301576
D03-I,31-40,A8,0.025332202431439074,1344,45,0.033482142857142856,-0.30676529638342015,0.5089285714285714
D03-I,41-50,A1,0.1820115356885364,10098,591,0.05852644087938206,0.15626107726752653,0.0
D03-I,41-50,A2,0.16791636625811104,9316,540,0.0579647917561185,0.2250442536188044,0.0
D03-I,41-50,A3,0.10328046142754145,5730,41,0.0071553228621291445,0.016873711384819207,0.0
D03-I,41-50,A4,0.0803352559480894,4457,180,0.04038590980480144,0.040447529073875145,0.04868745793134396
D03-I,41-50,A5,0.04666546503244413,2589,180,0.06952491309385864,-0.008395488308057477,0.1533410583236771
D03-I,41-50,A6,0.09504325883201153,5273,6,0.0011378721790252229,0.00940688342999783,0.0
D03-I,41-50,A7,0.31061643835616437,17233,3355,0.19468461672372772,0.5835723844903595,0.026518888179655312
D03-I,41-50,A8,0.014131218457101658,784,21,0.026785714285714284,-0.3579349178517135,0.5012755102040817
D03-II,1-10,A1,0.15597843323818586,2459,1155,0.46970313135420905,2.1868717665453556,0.0
D03-II,1-10,A2,0.21110053916904536,3328,1767,0.5309495192307693,2.6676285828047743,0.0
D03-II,1-10,A3,0.11550903901046622,1821,641,0.35200439319055465,1.5648134406577392,0.0
D03-II,1-10,A4,0.08392007611798287,1323,458,0.34618291761148906,1.2578309452736138,0.03250188964474679
D03-II,1-10,A5,0.038820171265461466,612,39,0.06372549019607843,-0.5283205961681847,0.75
D03-II,1-10,A6,0.10580399619410086,1668,468,0.2805755395683453,1.9609646881395568,0.0
D03-II,1-10,A7,0.20107833809070727,3170,1726,0.5444794952681388,2.3090209478075185,0.0
D03-II,1-10,A8,0.08778940691405011,1384,371,0.2680635838150289,1.942608716153546,0.15173410404624277
D03-II,11-20,A1,0.14821173104434907,2590,555,0.21428571428571427,0.8485510032041995,0.0
D03-II,11-20,A2,0.17487839771101574,3056,777,0.25425392670157065,1.1605608137253833,0.0
D03-II,11-20,A3,0.10071530758226037,1760,307,0.1744318181818182,0.5689794710557827,0.0
D03-II,11-20,A4,0.09110157367668097,1592,246,0.15452261306532664,0.48842753808911676,0.010678391959798994
D03-II,11-20,A5,0.036394849785407725,636,11,0.01729559748427673,-0.7557812811749118,0.8018867924528302
D03-II,11-20,A6,0.06718168812589413,1174,28,0.02385008517887564,0.14075398358550184,0.0
D03-II,11-20,A7,0.3023175965665236,5283,2571,0.48665530948324814,1.5477524158997662,0.0
D03-II,11-20,A8,0.07919885550786838,1384,200,0.14450867052023122,0.881551873654672,0.3063583815028902
D03-II,21-30,A1,0.10045918367346938,1969,188,0.09547993905535805,0.3262880075907653,0.0
D03-II,21-30,A2,0.14688775510204083,2879,398,0.13824244529350468,0.6368021620626317,0.0
D03-II,21-30,A3,0.08836734693877552,1732,131,0.075635103926097,0.20608064393443742,0.0
D03-II,21-30,A4,0.09198979591836735,1803,150,0.08319467554076539,0.2332524504789993,0.00776483638380477
D03-II,21-30,A5,0.02826530612244898,554,4,0.007220216606498195,-0.7685144440528516,0.7978339350180506
D03-II,21-30,A6,0.0633673469387755,1242,5,0.004025764895330112,0.02745129093753595,0.0
D03-II,21-30,A7,0.4234183673469388,8299,3122,0.37618990239787925,0.9385819153533874,0.0
D03-II,21-30,A8,0.05724489795918367,1122,90,0.08021390374331551,0.22380491459230004,0.3083778966131907
D03-II,31-40,A1,0.09213859020310633,1928,115,0.05964730290456432,0.2075343817264206,0.0
D03-II,31-40,A2,0.12492234169653524,2614,221,0.08454475899005356,0.33196088028520354,0.0
D03-II,31-40,A3,0.09333333333333334,1953,80,0.0409626216077829,0.1153637644035936,0.0
D03-II,31-40,A4,0.08826762246117084,1847,132,0.07146724417975095,0.19747321332509454,0.009204114780725501
D03-II,31-40,A5,0.017921146953405017,375,3,0.008,-0.781109344504887,0.8106666666666666
D03-II,31-40,A6,0.05706093189964158,1194,2,0.0016750418760469012,0.00401619687809157,0.0
D03-II,31-40,A7,0.4899880525686977,10253,3303,0.32214961474690335,0.6816705632283191,0.0
D03-II,31-40,A8,0.03636798088410992,761,54,0.07095926412614981,0.14956024215084515,0.34822601839684625
D03-II,41-50,A1,0.09720460418134837,2069,124,0.059932334461092314,0.17228112199682738,0.0
D03-II,41-50,A2,0.1295278365045807,2757,189,0.06855277475516866,0.28206369122489977,0.0
D03-II,41-50,A3,0.08508339206013625,1811,76,0.041965764770844835,0.13957634108561146,0.0
D03-II,41-50,A4,0.07014329339910735,1493,79,0.05291359678499665,0.1407672177635242,0.006697923643670462
D03-II,41-50,A5,0.011463471928588207,244,3,0.012295081967213115,-0.7814574320811396,0.7991803278688525
D03-II,41-50,A6,0.04904862579281184,1044,4,0.0038314176245210726,0.004438481380711204,0.0
D03-II,41-50,A7,0.538642236316655,11465,3279,0.28600087221979936,0.6142794034691826,0.0
D03-II,41-50,A8,0.018886539816772376,402,18,0.04477611940298507,-0.03954755774338121,0.34328358208955223
