suite,condition,action,selection,n,positive,success,reward,no_feasible
D03-I,Compressible,A1,0.12616476852536607,1706,149,0.0873388042203986,0.38642488421568494,0.0
D03-I,Compressible,A2,0.1692796923532022,2289,527,0.23023154215814767,1.5545158766594673,0.0
D03-I,Compressible,A3,0.13141547108415916,1777,214,0.12042768711311198,0.855092993387179,0.0
D03-I,Compressible,A4,0.029729329980772073,402,0,0.0,-0.9154228855721394,0.9154228855721394
D03-I,Compressible,A5,0.030320958438100874,410,0,0.0,-1.0,1.0
D03-I,Compressible,A6,0.12838337524034907,1736,190,0.10944700460829493,0.8703911758180611,0.0
D03-I,Compressible,A7,0.316743085342405,4283,1226,0.2862479570394583,1.3908196116568543,0.0
D03-I,Compressible,A8,0.06796331903564562,919,67,0.07290533188248095,0.5213407365270157,0.08487486398258977
D03-I,Demand,A1,0.19158363460012345,8691,1659,0.19088712461166724,0.45004915398007245,0.0
D03-I,Demand,A2,0.1931487523146107,8762,1765,0.2014380278475234,0.8612498144664784,0.0
D03-I,Demand,A3,0.14291067807071686,6483,710,0.10951719882770322,0.4393981340016075,0.0
D03-I,Demand,A4,0.0915483643417688,4153,794,0.1911870936672285,0.25705038390947466,0.12569227064772454
D03-I,Demand,A5,0.06260470857949034,2840,317,0.11161971830985916,-0.007134776981597433,0.21654929577464788
D03-I,Demand,A6,0.1231593333921171,5587,518,0.09271523178807947,0.5975761130912391,0.0
D03-I,Demand,A7,0.16129530023807426,7317,1232,0.16837501708350416,0.6625810591834155,0.1109744430777641
D03-I,Demand,A8,0.03374922846309849,1531,128,0.08360548661005879,0.07752365036004912,0.38275636838667537
D03-I,KV,A1,0.07746634297064665,351,94,0.2678062678062678,1.6066686560685697,0.0
D03-I,KV,A2,0.1856102405649967,841,354,0.42092746730083236,2.922737128297132,0.0
D03-I,KV,A3,0.0845288015890532,383,48,0.12532637075718014,0.5604188561349627,0.0
D03-I,KV,A4,0.03531229309203266,160,0,0.0,-0.84375,0.84375
D03-I,KV,A5,0.03619510041933348,164,0,0.0,-1.0,1.0
D03-I,KV,A6,0.07879055396159788,357,85,0.23809523809523808,1.7340242915425264,0.0
D03-I,KV,A7,0.3990289119399691,1808,696,0.38495575221238937,2.5107666165535316,0.0
D03-I,KV,A8,0.10306775546237033,467,146,0.31263383297644537,2.3534488270721203,0.1734475374732334
D03-I,Normal,A1,0.1056855045245006,619,55,0.0888529886914378,0.1370372895262421,0.0
D03-I,Normal,A2,0.08895338910705139,521,60,0.11516314779270634,0.16258389811267335,0.0
D03-I,Normal,A3,0.09919754140344886,581,45,0.0774526678141136,0.1933459664465133,0.0
D03-I,Normal,A4,0.07887997268226055,462,35,0.07575757575757576,0.048975160985075795,0.08225108225108226
D03-I,Normal,A5,0.0570257811166126,334,20,0.059880239520958084,-0.042487240044951004,0.20958083832335328
D03-I,Normal,A6,0.05087928973877412,298,0,0.0,0.0,0.0
D03-I,Normal,A7,0.4953047635308178,2901,733,0.2526714925887625,0.7631691185245243,0.015167183729748363
D03-I,Normal,A8,0.024073757896534063,141,7,0.04964539007092199,-0.2420914393045423,0.624113475177305
D03-I,Region,A1,0.16412207371810916,19672,2555,0.1298800325335502,0.5093156346226624,0.0
D03-I,Region,A2,0.19232951227244666,23053,3006,0.13039517633279835,0.686529591024399,0.0
D03-I,Region,A3,0.10489562997447065,12573,388,0.030859778891274954,0.165024866128745,0.0
D03-I,Region,A4,0.0806677679331231,9669,909,0.09401179025752404,0.16271580371824704,0.13145102906195055
D03-I,Region,A5,0.03654202332682585,4380,354,0.08082191780821918,-0.32614686102576457,0.5105022831050229
D03-I,Region,A6,0.1075486809831306,12891,727,0.056395935148553254,0.32399408397862367,0.0
D03-I,Region,A7,0.2796549365103202,33520,7287,0.21739260143198091,0.7890865381645004,0.019928400954653938
D03-I,Region,A8,0.03423937528157381,4104,270,0.06578947368421052,0.05002434869203005,0.42422027290448344
D03-I,Resource,A1,0.18695248593142658,6445,1601,0.24840961986035687,0.9215884877566777,0.0
D03-I,Resource,A2,0.14373150780298197,4955,1104,0.22280524722502523,0.8070057125689059,0.0
D03-I,Resource,A3,0.09296861402796311,3205,409,0.12761310452418095,0.6992716062479695,0.0
D03-I,Resource,A4,0.12055462087370192,4156,761,0.1831087584215592,0.741765057062043,0.0
D03-I,Resource,A5,0.15649474966641527,5395,1197,0.22187210379981465,0.766811424939075,0.0007414272474513438
D03-I,Resource,A6,0.06184370830190868,2132,166,0.07786116322701689,0.5530092302832844,0.0
D03-I,Resource,A7,0.20580727504786217,7095,2651,0.3736434108527132,0.7825269041956382,0.0923185341789993
D03-I,Resource,A8,0.031647038347740325,1091,107,0.09807516040329972,0.08460926251751623,0.6306141154903758
D03-I,TOU,A1,0.18619760479041916,6219,995,0.1599935680977649,0.8849831199789772,0.0
D03-I,TOU,A2,0.1581137724550898,5281,575,0.1088808937701193,0.5286842958034881,0.0
D03-I,TOU,A3,0.10922155688622755,3648,302,0.08278508771929824,0.4906617046549968,0.0
D03-I,TOU,A4,0.09059880239520958,3026,231,0.07633840052875082,0.3723635508838724,0.03007270323859881
D03-I,TOU,A5,0.024431137724550897,816,5,0.006127450980392157,-0.8826949006386511,0.9056372549019608
D03-I,TOU,A6,0.09523952095808383,3181,166,0.05218484753222257,0.32815348830511876,0.0
D03-I,TOU,A7,0.30637724550898204,10233,3320,0.3244405355223297,0.9412111266327358,0.0574611550864849
D03-I,TOU,A8,0.029820359281437125,996,69,0.06927710843373494,-0.14264263450748466,0.6495983935742972
D03-II,Compressible,A1,0.2,1,0,0.0,0.0,0.0
D03-II,Compressible,A4,0.4,2,1,0.5,1.5384615229717857,0.0
D03-II,Compressible,A5,0.2,1,0,0.0,-1.0,1.0
D03-II,Compressible,A8,0.2,1,0,0.0,0.0,0.0
D03-II,Demand,A1,0.15225563909774437,81,44,0.5432098765432098,2.6622114346566073,0.0
D03-II,Demand,A2,0.20676691729323307,110,71,0.6454545454545455,2.9957386814806792,0.0
D03-II,Demand,A3,0.17669172932330826,94,35,0.3723404255319149,2.1405418597684998,0.0
D03-II,Demand,A4,0.11090225563909774,59,19,0.3220338983050847,1.3429051861274959,0.01694915254237288
D03-II,Demand,A5,0.05075187969924812,27,2,0.07407407407407407,-0.7737300823092137,0.8148148148148148
D03-II,Demand,A6,0.06954887218045112,37,13,0.35135135135135137,2.664108891587714,0.0
D03-II,Demand,A7,0.15037593984962405,80,41,0.5125,1.8430884906708414,0.0
D03-II,Demand,A8,0.08270676691729323,44,19,0.4318181818181818,2.796439193436744,0.11363636363636363
D03-II,Region,A1,0.11731500797643883,1912,284,0.14853556485355648,0.6325884731263057,0.0
D03-II,Region,A2,0.14633697386182354,2385,479,0.20083857442348008,1.0888192185206067,0.0
D03-II,Region,A3,0.08651368266044913,1410,126,0.08936170212765958,0.48125240776068545,0.0
D03-II,Region,A4,0.08761811265185912,1428,202,0.14145658263305322,0.5197916406688646,0.018207282913165267
D03-II,Region,A5,0.02577003313289974,420,18,0.04285714285714286,-0.6061213180481947,0.7523809523809524
D03-II,Region,A6,0.07461038164191926,1216,165,0.1356907894736842,0.9175916771094088,0.0
D03-II,Region,A7,0.40661430850411096,6627,2222,0.3352950052814245,0.9796258194273362,0.0
D03-II,Region,A8,0.05522149957049945,900,160,0.17777777777777778,1.0952250643144117,0.27444444444444444
D03-II,TOU,A1,0.11533593300517804,9021,1809,0.20053209178583306,0.8368422017221392,0.0
D03-II,TOU,A2,0.15520040912868377,12139,2802,0.2308262624598402,1.0690275509955867,0.0
D03-II,TOU,A3,0.09682286006520488,7573,1074,0.14181962234253268,0.5025963522535086,0.0
D03-II,TOU,A4,0.08398644761235058,6569,843,0.12833003501293958,0.3977118037263339,0.011265032729486984
D03-II,TOU,A5,0.025225340407850155,1973,40,0.02027369488089204,-0.7282798041064332,0.7962493664470349
D03-II,TOU,A6,0.06480854056127341,5069,329,0.06490432037877293,0.4468917705998613,0.0
D03-II,TOU,A7,0.4060985744422425,31763,11738,0.3695494758051821,0.9658444729471891,0.0
D03-II,TOU,A8,0.052521894777216645,4108,554,0.13485881207400194,0.766533279974903,0.27531645569620256
