scenario,run_id,relative_path,sha256,population,region_0_only,uses_0_1_only,uses_0_2_only,uses_all_three,other_sets
Normal,type_i_D03I_Normal_soft_j50_i7101_a101_g50,outputs/diagnostics/d03_v2/runs/type_i/runs/type_i_D03I_Normal_soft_j50_i7101_a101_g50/population.json,f56239585aeaa8c9f798fad56444b6d90697705bc1cb099900f64a41ec3b7d02,100,0,0,0,100,0
Normal,type_i_D03I_Normal_soft_j50_i7101_a202_g50,outputs/diagnostics/d03_v2/runs/type_i/runs/type_i_D03I_Normal_soft_j50_i7101_a202_g50/population.json,863ca3cde2413cf5ac1c3a851e78d7b6da2dfe4f544aed653088674634ccdb42,100,0,0,0,100,0
Normal,type_i_D03I_Normal_soft_j50_i7101_a303_g50,outputs/diagnostics/d03_v2/runs/type_i/runs/type_i_D03I_Normal_soft_j50_i7101_a303_g50/population.json,a1c4fb4e49a3ba6c676bc8f954239ffbbee71d4deb8df31aa95230a7fdb59030,100,0,0,0,100,0
Normal,type_i_D03I_Normal_soft_j50_i7102_a101_g50,outputs/diagnostics/d03_v2/runs/type_i/runs/type_i_D03I_Normal_soft_j50_i7102_a101_g50/population.json,43ac343e78317cec549b19c69b8e7e04defbb6135b80ed1840a99a28403f87cd,100,0,0,0,100,0
Normal,type_i_D03I_Normal_soft_j50_i7102_a202_g50,outputs/diagnostics/d03_v2/runs/type_i/runs/type_i_D03I_Normal_soft_j50_i7102_a202_g50/population.json,73d5a4eb914ed349df15d30ef9468653ac8ba4806c531dbe439033e88a2e4a79,100,0,0,0,100,0
Normal,type_i_D03I_Normal_soft_j50_i7102_a303_g50,outputs/diagnostics/d03_v2/runs/type_i/runs/type_i_D03I_Normal_soft_j50_i7102_a303_g50/population.json,3cccd23881761f1c7ce6e867444699affc715d775a18d2797c854c2dd4fb8261,100,0,0,0,100,0
Resource,type_i_D03I_Resource_moderate_j50_i7101_a101_g50,outputs/diagnostics/d03_v2/runs/type_i/runs/type_i_D03I_Resource_moderate_j50_i7101_a101_g50/population.json,2d1f3eab5563d007708ca7975239d29795104eb0850c6756d1873839e34f1115,100,0,0,0,100,0
Resource,type_i_D03I_Resource_moderate_j50_i7101_a202_g50,outputs/diagnostics/d03_v2/runs/type_i/runs/type_i_D03I_Resource_moderate_j50_i7101_a202_g50/population.json,6b2366c3200059ee4e555b9b6178079b86fdd03b1731195076a2663a6c2505ae,100,0,0,0,100,0
Resource,type_i_D03I_Resource_moderate_j50_i7101_a303_g50,outputs/diagnostics/d03_v2/runs/type_i/runs/type_i_D03I_Resource_moderate_j50_i7101_a303_g50/population.json,5df500f8dcd3879324b6291e709fa620967194d6ba20716d94fb5070c661a1fc,100,0,0,0,100,0
Resource,type_i_D03I_Resource_moderate_j50_i7102_a101_g50,outputs/diagnostics/d03_v2/runs/type_i/runs/type_i_D03I_Resource_moderate_j50_i7102_a101_g50/population.json,c78b8289427b1ed48b889d7911eacb58a2d0a58c7a47404d34ce79413b9edf1c,100,0,0,0,100,0
Resource,type_i_D03I_Resource_moderate_j50_i7102_a202_g50,outputs/diagnostics/d03_v2/runs/type_i/runs/type_i_D03I_Resource_moderate_j50_i7102_a202_g50/population.json,c6fa28d8d27fbc61dcdfb95ef9f73fbbce62da8064e18c5c8d1c168557eef4cf,100,0,0,0,100,0
Resource,type_i_D03I_Resource_moderate_j50_i7102_a303_g50,outputs/diagnostics/d03_v2/runs/type_i/runs/type_i_D03I_Resource_moderate_j50_i7102_a303_g50/population.json,acd7cee9c83576aa3ca7769a10df55be4dd379af9384bfaf1047905f6000964b,100,0,0,0,100,0
KV,type_i_D03I_KV_moderate_j50_i7101_a101_g50,outputs/diagnostics/d03_v2/runs/type_i/runs/type_i_D03I_KV_moderate_j50_i7101_a101_g50/population.json,289094dc25d76985f7956706de6e509b3339944e4ee502d6073a6b15aafa0aa5,100,0,0,0,100,0
KV,type_i_D03I_KV_moderate_j50_i7101_a202_g50,outputs/diagnostics/d03_v2/runs/type_i/runs/type_i_D03I_KV_moderate_j50_i7101_a202_g50/population.json,e7f81836e144d0d7a3a3687ef6010dd9601d0125eef76dee16abe94d5336f812,100,0,0,0,100,0
KV,type_i_D03I_KV_moderate_j50_i7101_a303_g50,outputs/diagnostics/d03_v2/runs/type_i/runs/type_i_D03I_KV_moderate_j50_i7101_a303_g50/population.json,50c3c2d2da1210fae4190813e5cb50a12341b565dbee7f90d8205ac6c9f79eac,100,0,0,0,100,0
KV,type_i_D03I_KV_moderate_j50_i7102_a101_g50,outputs/diagnostics/d03_v2/runs/type_i/runs/type_i_D03I_KV_moderate_j50_i7102_a101_g50/population.json,4a2b2855ef92626efa15be2fff2ce88871a3d003af111d62dd4d18a123d96709,100,0,0,0,100,0
KV,type_i_D03I_KV_moderate_j50_i7102_a202_g50,outputs/diagnostics/d03_v2/runs/type_i/runs/type_i_D03I_KV_moderate_j50_i7102_a202_g50/population.json,d00f72465cf50e9b1cfcb8829576d7c159498c1be4ddb7ce900171199c3214fa,100,0,0,0,100,0
KV,type_i_D03I_KV_moderate_j50_i7102_a303_g50,outputs/diagnostics/d03_v2/runs/type_i/runs/type_i_D03I_KV_moderate_j50_i7102_a303_g50/population.json,91a90ac602092372b9b150fc5654b6d96ced525e6fcd981f9cf223deba1d8611,100,0,0,0,100,0
Region,type_i_D03I_Region_soft_j50_i7101_a101_g50,outputs/diagnostics/d03_v2/runs/type_i/runs/type_i_D03I_Region_soft_j50_i7101_a101_g50/population.json,32a118643f51fff5552d21ff9330020443c02f0ce689eb1b8d8cb92f76936c09,100,38,62,0,0,0
Region,type_i_D03I_Region_soft_j50_i7101_a202_g50,outputs/diagnostics/d03_v2/runs/type_i/runs/type_i_D03I_Region_soft_j50_i7101_a202_g50/population.json,799798293be6304d08d5da8c28bc56f59024c86842338389e00c7a8287b4e74d,100,9,90,0,1,0
Region,type_i_D03I_Region_soft_j50_i7101_a303_g50,outputs/diagnostics/d03_v2/runs/type_i/runs/type_i_D03I_Region_soft_j50_i7101_a303_g50/population.json,244e8ae51587d354c8ec63c272df589e9890bd80bc4f52ee1d7635169704a049,100,15,77,2,6,0
Region,type_i_D03I_Region_soft_j50_i7102_a101_g50,outputs/diagnostics/d03_v2/runs/type_i/runs/type_i_D03I_Region_soft_j50_i7102_a101_g50/population.json,75110be3f04871e22f6b1572b76600cd8b45a16c768e7f79b6047627e4ff225e,100,9,0,75,16,0
Region,type_i_D03I_Region_soft_j50_i7102_a202_g50,outputs/diagnostics/d03_v2/runs/type_i/runs/type_i_D03I_Region_soft_j50_i7102_a202_g50/population.json,91bd874c5b558b28b8bd7159cac21207c9515a04f87337a0604bf7ab078baa1b,100,7,38,29,26,0
Region,type_i_D03I_Region_soft_j50_i7102_a303_g50,outputs/diagnostics/d03_v2/runs/type_i/runs/type_i_D03I_Region_soft_j50_i7102_a303_g50/population.json,6d909f22d0bf856f9bc7982be795ed03582d67e10a2f5765d8642f40056638d5,100,13,77,0,10,0
TOU,type_i_D03I_TOU_soft_j50_i7101_a101_g50,outputs/diagnostics/d03_v2/runs/type_i/runs/type_i_D03I_TOU_soft_j50_i7101_a101_g50/population.json,9ff435a418f12933c43a617a0dde990f72ff6a3fb58817b3137ae89ea370441c,100,0,0,0,100,0
TOU,type_i_D03I_TOU_soft_j50_i7101_a202_g50,outputs/diagnostics/d03_v2/runs/type_i/runs/type_i_D03I_TOU_soft_j50_i7101_a202_g50/population.json,3ec750e689776a3dc77cdc5ae718121c6dbfaafdf01e53d526052a0188d7719e,100,0,0,0,100,0
TOU,type_i_D03I_TOU_soft_j50_i7101_a303_g50,outputs/diagnostics/d03_v2/runs/type_i/runs/type_i_D03I_TOU_soft_j50_i7101_a303_g50/population.json,aa5fd0d10916e36e3b40e97e7bd110441a9d3ae84700d76ebd12f901e1c05463,100,0,0,0,100,0
TOU,type_i_D03I_TOU_soft_j50_i7102_a101_g50,outputs/diagnostics/d03_v2/runs/type_i/runs/type_i_D03I_TOU_soft_j50_i7102_a101_g50/population.json,019de7d48e5788c3b46178f932027ae333a1ad3407ba758df9998efa5cea28d4,100,0,0,0,100,0
TOU,type_i_D03I_TOU_soft_j50_i7102_a202_g50,outputs/diagnostics/d03_v2/runs/type_i/runs/type_i_D03I_TOU_soft_j50_i7102_a202_g50/population.json,aadf119d5704fb8440a628c7bda71682037ab8035b2ed4382cb05ff1ba42ec12,100,0,0,0,100,0
TOU,type_i_D03I_TOU_soft_j50_i7102_a303_g50,outputs/diagnostics/d03_v2/runs/type_i/runs/type_i_D03I_TOU_soft_j50_i7102_a303_g50/population.json,bea74a760d6c1da33a5764566252e4bad8dd502b61662c9a28af446817927dd4,100,0,0,0,100,0
Demand,type_i_D03I_Demand_strong_j50_i7101_a101_g50,outputs/diagnostics/d03_v2/runs/type_i/runs/type_i_D03I_Demand_strong_j50_i7101_a101_g50/population.json,3c307444c3d2d59fd9de1e27a8d32fd87c79519fb97d4b5d239de83661bb0530,100,0,0,0,100,0
Demand,type_i_D03I_Demand_strong_j50_i7101_a202_g50,outputs/diagnostics/d03_v2/runs/type_i/runs/type_i_D03I_Demand_strong_j50_i7101_a202_g50/population.json,4006bd72a437e9d114f1770af22b57f1a1b74831256720cb7ab7f79339f097a8,100,0,0,0,100,0
Demand,type_i_D03I_Demand_strong_j50_i7101_a303_g50,outputs/diagnostics/d03_v2/runs/type_i/runs/type_i_D03I_Demand_strong_j50_i7101_a303_g50/population.json,2a6077deb25fabbde81ed9d1ca39ae967adac8dd131514aca9dce69aafb2d465,100,0,0,0,100,0
Demand,type_i_D03I_Demand_strong_j50_i7102_a101_g50,outputs/diagnostics/d03_v2/runs/type_i/runs/type_i_D03I_Demand_strong_j50_i7102_a101_g50/population.json,eed1698c07152ebee8f607cab48201205f98ee6b15809f358bbc8a319ccd5a47,100,0,0,0,100,0
Demand,type_i_D03I_Demand_strong_j50_i7102_a202_g50,outputs/diagnostics/d03_v2/runs/type_i/runs/type_i_D03I_Demand_strong_j50_i7102_a202_g50/population.json,8d67fc1475b3d60b8b05efa6dfccc3072e56017aee6fdf8283e70735cab3bf45,100,0,0,0,100,0
Demand,type_i_D03I_Demand_strong_j50_i7102_a303_g50,outputs/diagnostics/d03_v2/runs/type_i/runs/type_i_D03I_Demand_strong_j50_i7102_a303_g50/population.json,b7dd1b05abe10aa0eea4fc4fd332a9eb8411e4ae659a696490d4809224f95616,100,0,0,0,100,0
Compressible,type_i_D03I_Compressible_soft_j50_i7101_a101_g50,outputs/diagnostics/d03_v2/runs/type_i/runs/type_i_D03I_Compressible_soft_j50_i7101_a101_g50/population.json,eee3f410d7224511af5927300fb14939042dca1c68795790b5f74070c080eac8,100,0,0,0,100,0
Compressible,type_i_D03I_Compressible_soft_j50_i7101_a202_g50,outputs/diagnostics/d03_v2/runs/type_i/runs/type_i_D03I_Compressible_soft_j50_i7101_a202_g50/population.json,bdbec73f7d4b033184622ec88b6c18034831d4f5ac28695d84c5df36252103b4,100,0,0,0,100,0
Compressible,type_i_D03I_Compressible_soft_j50_i7101_a303_g50,outputs/diagnostics/d03_v2/runs/type_i/runs/type_i_D03I_Compressible_soft_j50_i7101_a303_g50/population.json,203423b3097079d274b9646ef364ff60fc1e50578483c7fc7cf725c7cb4cd1e3,100,0,0,0,100,0
Compressible,type_i_D03I_Compressible_soft_j50_i7102_a101_g50,outputs/diagnostics/d03_v2/runs/type_i/runs/type_i_D03I_Compressible_soft_j50_i7102_a101_g50/population.json,53b8957101fabb86958cceee769ed95f1e0e9321711f052651ea814be0b341f3,100,0,0,0,100,0
Compressible,type_i_D03I_Compressible_soft_j50_i7102_a202_g50,outputs/diagnostics/d03_v2/runs/type_i/runs/type_i_D03I_Compressible_soft_j50_i7102_a202_g50/population.json,50ba368e32a59528ace8bfc929a294735b91d920c374e4f47b3fd053016cb400,100,0,0,0,100,0
Compressible,type_i_D03I_Compressible_soft_j50_i7102_a303_g50,outputs/diagnostics/d03_v2/runs/type_i/runs/type_i_D03I_Compressible_soft_j50_i7102_a303_g50/population.json,3701360073346f05f0a205374c7fe8c46ab688c66353422730336ed048d6aee5,100,0,0,0,100,0
