suite,scenario,run_id,n,target,target_share,distinct_conditions
D03-I,D03I_Compressible,type_i_D03I_Compressible_soft_j50_i7101_a101_g50,6205,Compressible,0.0016116035455278,3
D03-I,D03I_Compressible,type_i_D03I_Compressible_soft_j50_i7101_a202_g50,5105,Compressible,0.0005876591576885406,3
D03-I,D03I_Compressible,type_i_D03I_Compressible_soft_j50_i7101_a303_g50,5120,Compressible,0.00234375,3
D03-I,D03I_Compressible,type_i_D03I_Compressible_soft_j50_i7102_a101_g50,6535,Compressible,0.009487375669472074,3
D03-I,D03I_Compressible,type_i_D03I_Compressible_soft_j50_i7102_a202_g50,6130,Compressible,0.010440456769983687,3
D03-I,D03I_Compressible,type_i_D03I_Compressible_soft_j50_i7102_a303_g50,6370,Compressible,0.006907378335949764,3
D03-I,D03I_Demand,type_i_D03I_Demand_strong_j50_i7101_a101_g50,5875,Demand,0.6748936170212766,4
D03-I,D03I_Demand,type_i_D03I_Demand_strong_j50_i7101_a202_g50,5165,Demand,0.2884801548886738,3
D03-I,D03I_Demand,type_i_D03I_Demand_strong_j50_i7101_a303_g50,5245,Demand,0.7361296472831268,4
D03-I,D03I_Demand,type_i_D03I_Demand_strong_j50_i7102_a101_g50,5900,Demand,0.6642372881355932,4
D03-I,D03I_Demand,type_i_D03I_Demand_strong_j50_i7102_a202_g50,7205,Demand,0.6860513532269258,4
D03-I,D03I_Demand,type_i_D03I_Demand_strong_j50_i7102_a303_g50,5670,Demand,0.49417989417989416,4
D03-I,D03I_KV,type_i_D03I_KV_moderate_j50_i7101_a101_g50,4715,KV,0.10965005302226935,4
D03-I,D03I_KV,type_i_D03I_KV_moderate_j50_i7101_a202_g50,4195,KV,0.08867699642431466,5
D03-I,D03I_KV,type_i_D03I_KV_moderate_j50_i7101_a303_g50,4395,KV,0.6932878270762229,5
D03-I,D03I_KV,type_i_D03I_KV_moderate_j50_i7102_a101_g50,6070,KV,0.04843492586490939,4
D03-I,D03I_KV,type_i_D03I_KV_moderate_j50_i7102_a202_g50,1925,KV,0.13506493506493505,4
D03-I,D03I_KV,type_i_D03I_KV_moderate_j50_i7102_a303_g50,6145,KV,0.006672091131000813,5
D03-I,D03I_Normal,type_i_D03I_Normal_soft_j50_i7101_a101_g50,5260,Normal,0.0,2
D03-I,D03I_Normal,type_i_D03I_Normal_soft_j50_i7101_a202_g50,4410,Normal,0.0,2
D03-I,D03I_Normal,type_i_D03I_Normal_soft_j50_i7101_a303_g50,2970,Normal,0.0,2
D03-I,D03I_Normal,type_i_D03I_Normal_soft_j50_i7102_a101_g50,8550,Normal,0.0,3
D03-I,D03I_Normal,type_i_D03I_Normal_soft_j50_i7102_a202_g50,5115,Normal,0.0,2
D03-I,D03I_Normal,type_i_D03I_Normal_soft_j50_i7102_a303_g50,5230,Normal,0.0,3
D03-I,D03I_Region,type_i_D03I_Region_soft_j50_i7101_a101_g50,10330,Region,0.9909002904162633,2
D03-I,D03I_Region,type_i_D03I_Region_soft_j50_i7101_a202_g50,11055,Region,0.9851650836725464,2
D03-I,D03I_Region,type_i_D03I_Region_soft_j50_i7101_a303_g50,9395,Region,0.9952102182011708,2
D03-I,D03I_Region,type_i_D03I_Region_soft_j50_i7102_a101_g50,7395,Region,0.9910750507099392,2
D03-I,D03I_Region,type_i_D03I_Region_soft_j50_i7102_a202_g50,7735,Region,0.9913380736910149,2
D03-I,D03I_Region,type_i_D03I_Region_soft_j50_i7102_a303_g50,7970,Region,0.9937264742785445,2
D03-I,D03I_Resource,type_i_D03I_Resource_moderate_j50_i7101_a101_g50,5170,Resource,1.0,1
D03-I,D03I_Resource,type_i_D03I_Resource_moderate_j50_i7101_a202_g50,5420,Resource,1.0,1
D03-I,D03I_Resource,type_i_D03I_Resource_moderate_j50_i7101_a303_g50,5995,Resource,1.0,1
D03-I,D03I_Resource,type_i_D03I_Resource_moderate_j50_i7102_a101_g50,5945,Resource,1.0,1
D03-I,D03I_Resource,type_i_D03I_Resource_moderate_j50_i7102_a202_g50,4730,Resource,1.0,1
D03-I,D03I_Resource,type_i_D03I_Resource_moderate_j50_i7102_a303_g50,5325,Resource,1.0,1
D03-I,D03I_TOU,type_i_D03I_TOU_soft_j50_i7101_a101_g50,5955,TOU,0.8570948782535684,2
D03-I,D03I_TOU,type_i_D03I_TOU_soft_j50_i7101_a202_g50,4845,TOU,0.9929824561403509,2
D03-I,D03I_TOU,type_i_D03I_TOU_soft_j50_i7101_a303_g50,8635,TOU,0.8634626519976838,2
D03-I,D03I_TOU,type_i_D03I_TOU_soft_j50_i7102_a101_g50,7495,TOU,0.8629753168779186,2
D03-I,D03I_TOU,type_i_D03I_TOU_soft_j50_i7102_a202_g50,7840,TOU,0.4306122448979592,2
D03-I,D03I_TOU,type_i_D03I_TOU_soft_j50_i7102_a303_g50,6270,TOU,0.9864433811802232,2
D03-II,D03II_long,type_ii_D03II_long_long_j50_i8101_a101_g50,6515,,,3
D03-II,D03II_long,type_ii_D03II_long_long_j50_i8101_a202_g50,7000,,,3
D03-II,D03II_long,type_ii_D03II_long_long_j50_i8101_a303_g50,7030,,,2
D03-II,D03II_long,type_ii_D03II_long_long_j50_i8102_a101_g50,5115,,,3
D03-II,D03II_long,type_ii_D03II_long_long_j50_i8102_a202_g50,6325,,,3
D03-II,D03II_long,type_ii_D03II_long_long_j50_i8102_a303_g50,6490,,,3
D03-II,D03II_long,type_ii_D03II_long_long_j50_i8103_a101_g50,6485,,,3
D03-II,D03II_long,type_ii_D03II_long_long_j50_i8103_a202_g50,5520,,,3
D03-II,D03II_long,type_ii_D03II_long_long_j50_i8103_a303_g50,8020,,,4
D03-II,D03II_long,type_ii_D03II_long_long_j50_i8104_a101_g50,5990,,,3
D03-II,D03II_long,type_ii_D03II_long_long_j50_i8104_a202_g50,6165,,,3
D03-II,D03II_long,type_ii_D03II_long_long_j50_i8104_a303_g50,6280,,,3
D03-II,D03II_long,type_ii_D03II_long_long_j50_i8105_a101_g50,5790,,,3
D03-II,D03II_long,type_ii_D03II_long_long_j50_i8105_a202_g50,5415,,,3
D03-II,D03II_long,type_ii_D03II_long_long_j50_i8105_a303_g50,6910,,,3
