suite,generation,condition,n,total,share
D03-I,1,Normal,0,4835,0.0
D03-I,1,Resource,681,4835,0.1408479834539814
D03-I,1,KV,300,4835,0.06204756980351603
D03-I,1,Region,949,4835,0.19627714581178904
D03-I,1,TOU,507,4835,0.10486039296794208
D03-I,1,Demand,1280,4835,0.2647362978283351
D03-I,1,Compressible,1118,4835,0.2312306101344364
D03-I,2,Normal,0,4015,0.0
D03-I,2,Resource,434,4015,0.10809464508094645
D03-I,2,KV,235,4015,0.058530510585305104
D03-I,2,Region,1252,4015,0.31183063511830633
D03-I,2,TOU,374,4015,0.09315068493150686
D03-I,2,Demand,1019,4015,0.25379825653798255
D03-I,2,Compressible,701,4015,0.1745952677459527
D03-I,3,Normal,0,3575,0.0
D03-I,3,Resource,485,3575,0.13566433566433567
D03-I,3,KV,205,3575,0.057342657342657345
D03-I,3,Region,1268,3575,0.35468531468531467
D03-I,3,TOU,362,3575,0.10125874125874126
D03-I,3,Demand,736,3575,0.20587412587412587
D03-I,3,Compressible,519,3575,0.14517482517482516
D03-I,4,Normal,0,3545,0.0
D03-I,4,Resource,572,3545,0.1613540197461213
D03-I,4,KV,169,3545,0.04767277856135402
D03-I,4,Region,1492,3545,0.42087447108603665
D03-I,4,TOU,296,3545,0.08349788434414669
D03-I,4,Demand,658,3545,0.1856135401974612
D03-I,4,Compressible,358,3545,0.10098730606488011
D03-I,5,Normal,2,3970,0.0005037783375314861
D03-I,5,Resource,565,3970,0.14231738035264482
D03-I,5,KV,179,3970,0.04508816120906801
D03-I,5,Region,1740,3970,0.43828715365239296
D03-I,5,TOU,364,3970,0.09168765743073048
D03-I,5,Demand,755,3970,0.190176322418136
D03-I,5,Compressible,365,3970,0.09193954659949623
D03-I,6,Normal,2,4060,0.0004926108374384236
D03-I,6,Resource,632,4060,0.15566502463054188
D03-I,6,KV,154,4060,0.03793103448275862
D03-I,6,Region,1727,4060,0.4253694581280788
D03-I,6,TOU,511,4060,0.12586206896551724
D03-I,6,Demand,718,4060,0.1768472906403941
D03-I,6,Compressible,316,4060,0.07783251231527094
D03-I,7,Normal,0,3975,0.0
D03-I,7,Resource,736,3975,0.1851572327044025
D03-I,7,KV,207,3975,0.052075471698113204
D03-I,7,Region,1496,3975,0.3763522012578616
D03-I,7,TOU,478,3975,0.12025157232704403
D03-I,7,Demand,726,3975,0.18264150943396226
D03-I,7,Compressible,332,3975,0.08352201257861636
D03-I,8,Normal,0,3650,0.0
D03-I,8,Resource,617,3650,0.16904109589041097
D03-I,8,KV,132,3650,0.03616438356164384
D03-I,8,Region,1348,3650,0.3693150684931507
D03-I,8,TOU,426,3650,0.11671232876712329
D03-I,8,Demand,720,3650,0.19726027397260273
D03-I,8,Compressible,407,3650,0.11150684931506849
D03-I,9,Normal,0,4060,0.0
D03-I,9,Resource,695,4060,0.17118226600985223
D03-I,9,KV,130,4060,0.03201970443349754
D03-I,9,Region,1553,4060,0.382512315270936
D03-I,9,TOU,475,4060,0.11699507389162561
D03-I,9,Demand,737,4060,0.18152709359605912
D03-I,9,Compressible,470,4060,0.11576354679802955
D03-I,10,Normal,0,4800,0.0
D03-I,10,Resource,790,4800,0.16458333333333333
D03-I,10,KV,103,4800,0.021458333333333333
D03-I,10,Region,1956,4800,0.4075
D03-I,10,TOU,540,4800,0.1125
D03-I,10,Demand,890,4800,0.18541666666666667
D03-I,10,Compressible,521,4800,0.10854166666666666
D03-I,11,Normal,0,4620,0.0
D03-I,11,Resource,708,4620,0.15324675324675324
D03-I,11,KV,110,4620,0.023809523809523808
D03-I,11,Region,1998,4620,0.43246753246753245
D03-I,11,TOU,585,4620,0.1266233766233766
D03-I,11,Demand,788,4620,0.17056277056277055
D03-I,11,Compressible,431,4620,0.09329004329004328
D03-I,12,Normal,19,5115,0.0037145650048875855
D03-I,12,Resource,803,5115,0.15698924731182795
D03-I,12,KV,139,5115,0.027174975562072337
D03-I,12,Region,2270,5115,0.44379276637341153
D03-I,12,TOU,558,5115,0.10909090909090909
D03-I,12,Demand,848,5115,0.16578690127077225
D03-I,12,Compressible,478,5115,0.09345063538611925
D03-I,13,Normal,47,5285,0.008893093661305583
D03-I,13,Resource,704,5285,0.13320719016083254
D03-I,13,KV,95,5285,0.017975402081362345
D03-I,13,Region,2361,5285,0.4467360454115421
D03-I,13,TOU,670,5285,0.12677388836329234
D03-I,13,Demand,894,5285,0.16915799432355724
D03-I,13,Compressible,514,5285,0.09725638599810785
D03-I,14,Normal,29,5220,0.005555555555555556
D03-I,14,Resource,705,5220,0.13505747126436782
D03-I,14,KV,96,5220,0.01839080459770115
D03-I,14,Region,2409,5220,0.4614942528735632
D03-I,14,TOU,550,5220,0.1053639846743295
D03-I,14,Demand,922,5220,0.17662835249042147
D03-I,14,Compressible,509,5220,0.09750957854406131
D03-I,15,Normal,49,5480,0.008941605839416058
D03-I,15,Resource,809,5480,0.14762773722627737
D03-I,15,KV,115,5480,0.020985401459854013
D03-I,15,Region,2329,5480,0.425
D03-I,15,TOU,761,5480,0.13886861313868612
D03-I,15,Demand,860,5480,0.15693430656934307
D03-I,15,Compressible,557,5480,0.10164233576642336
D03-I,16,Normal,28,5290,0.005293005671077505
D03-I,16,Resource,797,5290,0.1506616257088847
D03-I,16,KV,85,5290,0.01606805293005671
D03-I,16,Region,2320,5290,0.43856332703213613
D03-I,16,TOU,762,5290,0.1440453686200378
D03-I,16,Demand,906,5290,0.17126654064272212
D03-I,16,Compressible,392,5290,0.07410207939508506
D03-I,17,Normal,35,5250,0.006666666666666667
D03-I,17,Resource,719,5250,0.13695238095238096
D03-I,17,KV,75,5250,0.014285714285714285
D03-I,17,Region,2412,5250,0.4594285714285714
D03-I,17,TOU,670,5250,0.12761904761904763
D03-I,17,Demand,984,5250,0.18742857142857142
D03-I,17,Compressible,355,5250,0.06761904761904762
D03-I,18,Normal,61,5495,0.011101000909918108
D03-I,18,Resource,812,5495,0.14777070063694267
D03-I,18,KV,87,5495,0.015832575068243857
D03-I,18,Region,2623,5495,0.47734303912647863
D03-I,18,TOU,792,5495,0.14413102820746132
D03-I,18,Demand,855,5495,0.15559599636032756
D03-I,18,Compressible,265,5495,0.048225659690627844
D03-I,19,Normal,40,5760,0.006944444444444444
D03-I,19,Resource,830,5760,0.1440972222222222
D03-I,19,KV,60,5760,0.010416666666666666
D03-I,19,Region,2585,5760,0.4487847222222222
D03-I,19,TOU,870,5760,0.15104166666666666
D03-I,19,Demand,1041,5760,0.18072916666666666
D03-I,19,Compressible,334,5760,0.05798611111111111
D03-I,20,Normal,53,5785,0.009161624891961971
D03-I,20,Resource,755,5785,0.13050993949870354
D03-I,20,KV,137,5785,0.023681936041486603
D03-I,20,Region,2721,5785,0.4703543647363872
D03-I,20,TOU,965,5785,0.16681071737251513
D03-I,20,Demand,928,5785,0.16041486603284355
D03-I,20,Compressible,226,5785,0.039066551426101985
D03-I,21,Normal,33,5555,0.005940594059405941
D03-I,21,Resource,749,5555,0.13483348334833484
D03-I,21,KV,90,5555,0.016201620162016202
D03-I,21,Region,2667,5555,0.4801080108010801
D03-I,21,TOU,820,5555,0.1476147614761476
D03-I,21,Demand,1025,5555,0.1845184518451845
D03-I,21,Compressible,171,5555,0.030783078307830784
D03-I,22,Normal,48,5925,0.00810126582278481
D03-I,22,Resource,830,5925,0.140084388185654
D03-I,22,KV,100,5925,0.016877637130801686
D03-I,22,Region,2745,5925,0.46329113924050636
D03-I,22,TOU,875,5925,0.14767932489451477
D03-I,22,Demand,1137,5925,0.1918987341772152
D03-I,22,Compressible,190,5925,0.032067510548523206
D03-I,23,Normal,86,5750,0.014956521739130434
D03-I,23,Resource,795,5750,0.13826086956521738
D03-I,23,KV,95,5750,0.01652173913043478
D03-I,23,Region,2730,5750,0.4747826086956522
D03-I,23,TOU,895,5750,0.15565217391304348
D03-I,23,Demand,1020,5750,0.17739130434782607
D03-I,23,Compressible,129,5750,0.022434782608695653
D03-I,24,Normal,76,4850,0.015670103092783504
D03-I,24,Resource,630,4850,0.12989690721649486
D03-I,24,KV,65,4850,0.013402061855670102
D03-I,24,Region,2395,4850,0.49381443298969074
D03-I,24,TOU,730,4850,0.15051546391752577
D03-I,24,Demand,886,4850,0.18268041237113403
D03-I,24,Compressible,68,4850,0.014020618556701031
D03-I,25,Normal,150,5630,0.02664298401420959
D03-I,25,Resource,725,5630,0.12877442273534637
D03-I,25,KV,65,5630,0.011545293072824156
D03-I,25,Region,2775,5630,0.4928952042628774
D03-I,25,TOU,740,5630,0.13143872113676733
D03-I,25,Demand,973,5630,0.1728241563055062
D03-I,25,Compressible,202,5630,0.035879218472468916
D03-I,26,Normal,170,5380,0.031598513011152414
D03-I,26,Resource,675,5380,0.12546468401486988
D03-I,26,KV,80,5380,0.01486988847583643
D03-I,26,Region,2610,5380,0.4851301115241636
D03-I,26,TOU,720,5380,0.13382899628252787
D03-I,26,Demand,972,5380,0.18066914498141265
D03-I,26,Compressible,153,5380,0.028438661710037175
D03-I,27,Normal,209,5330,0.03921200750469043
D03-I,27,Resource,680,5330,0.1275797373358349
D03-I,27,KV,80,5330,0.0150093808630394
D03-I,27,Region,2514,5330,0.47166979362101313
D03-I,27,TOU,730,5330,0.13696060037523453
D03-I,27,Demand,994,5330,0.18649155722326455
D03-I,27,Compressible,123,5330,0.023076923076923078
D03-I,28,Normal,196,5420,0.03616236162361624
D03-I,28,Resource,729,5420,0.1345018450184502
D03-I,28,KV,95,5420,0.017527675276752766
D03-I,28,Region,2521,5420,0.4651291512915129
D03-I,28,TOU,710,5420,0.13099630996309963
D03-I,28,Demand,977,5420,0.18025830258302583
D03-I,28,Compressible,192,5420,0.035424354243542434
D03-I,29,Normal,207,5575,0.037130044843049326
D03-I,29,Resource,746,5575,0.13381165919282512
D03-I,29,KV,75,5575,0.013452914798206279
D03-I,29,Region,2752,5575,0.4936322869955157
D03-I,29,TOU,640,5575,0.1147982062780269
D03-I,29,Demand,964,5575,0.17291479820627803
D03-I,29,Compressible,191,5575,0.03426008968609866
D03-I,30,Normal,182,5275,0.03450236966824644
D03-I,30,Resource,694,5275,0.13156398104265402
D03-I,30,KV,54,5275,0.010236966824644549
D03-I,30,Region,2516,5275,0.47696682464454976
D03-I,30,TOU,630,5275,0.11943127962085308
D03-I,30,Demand,978,5275,0.18540284360189574
D03-I,30,Compressible,221,5275,0.0418957345971564
D03-I,31,Normal,191,5115,0.037341153470185726
D03-I,31,Resource,610,5115,0.11925708699902249
D03-I,31,KV,60,5115,0.011730205278592375
D03-I,31,Region,2416,5115,0.472336265884653
D03-I,31,TOU,680,5115,0.13294232649071358
D03-I,31,Demand,954,5115,0.18651026392961878
D03-I,31,Compressible,204,5115,0.03988269794721408
D03-I,32,Normal,205,5225,0.03923444976076555
D03-I,32,Resource,640,5225,0.12248803827751197
D03-I,32,KV,45,5225,0.00861244019138756
D03-I,32,Region,2589,5225,0.4955023923444976
D03-I,32,TOU,625,5225,0.11961722488038277
D03-I,32,Demand,936,5225,0.17913875598086124
D03-I,32,Compressible,185,5225,0.0354066985645933
D03-I,33,Normal,207,5365,0.0385834109972041
D03-I,33,Resource,615,5365,0.11463187325256291
D03-I,33,KV,80,5365,0.014911463187325256
D03-I,33,Region,2760,5365,0.5144454799627214
D03-I,33,TOU,665,5365,0.1239515377446412
D03-I,33,Demand,873,5365,0.16272134203168687
D03-I,33,Compressible,165,5365,0.03075489282385834
D03-I,34,Normal,168,5440,0.030882352941176472
D03-I,34,Resource,693,5440,0.12738970588235293
D03-I,34,KV,55,5440,0.01011029411764706
D03-I,34,Region,2653,5440,0.48768382352941175
D03-I,34,TOU,670,5440,0.12316176470588236
D03-I,34,Demand,1018,5440,0.18713235294117647
D03-I,34,Compressible,183,5440,0.03363970588235294
D03-I,35,Normal,203,5560,0.03651079136690648
D03-I,35,Resource,653,5560,0.11744604316546763
D03-I,35,KV,80,5560,0.014388489208633094
D03-I,35,Region,2807,5560,0.5048561151079136
D03-I,35,TOU,655,5560,0.11780575539568346
D03-I,35,Demand,1002,5560,0.1802158273381295
D03-I,35,Compressible,160,5560,0.02877697841726619
D03-I,36,Normal,218,5415,0.04025854108956602
D03-I,36,Resource,671,5415,0.12391505078485687
D03-I,36,KV,55,5415,0.010156971375807941
D03-I,36,Region,2674,5415,0.4938134810710988
D03-I,36,TOU,645,5415,0.11911357340720222
D03-I,36,Demand,1011,5415,0.18670360110803325
D03-I,36,Compressible,141,5415,0.0260387811634349
D03-I,37,Normal,165,5090,0.03241650294695481
D03-I,37,Resource,591,5090,0.11611001964636543
D03-I,37,KV,43,5090,0.008447937131630648
D03-I,37,Region,2536,5090,0.49823182711198427
D03-I,37,TOU,665,5090,0.13064833005893908
D03-I,37,Demand,976,5090,0.19174852652259333
D03-I,37,Compressible,114,5090,0.022396856581532416
D03-I,38,Normal,222,5225,0.042488038277511964
D03-I,38,Resource,624,5225,0.11942583732057416
D03-I,38,KV,45,5225,0.00861244019138756
D03-I,38,Region,2651,5225,0.5073684210526316
D03-I,38,TOU,685,5225,0.13110047846889952
D03-I,38,Demand,913,5225,0.17473684210526316
D03-I,38,Compressible,85,5225,0.016267942583732056
D03-I,39,Normal,175,5285,0.033112582781456956
D03-I,39,Resource,698,5285,0.13207190160832544
D03-I,39,KV,50,5285,0.00946073793755913
D03-I,39,Region,2746,5285,0.5195837275307474
D03-I,39,TOU,645,5285,0.12204351939451277
D03-I,39,Demand,886,5285,0.16764427625354777
D03-I,39,Compressible,85,5285,0.01608325449385052
D03-I,40,Normal,202,5335,0.03786316776007498
D03-I,40,Resource,710,5335,0.1330834114339269
D03-I,40,KV,26,5335,0.004873477038425492
D03-I,40,Region,2566,5335,0.4809746954076851
D03-I,40,TOU,780,5335,0.14620431115276475
D03-I,40,Demand,951,5335,0.1782567947516401
D03-I,40,Compressible,100,5335,0.01874414245548266
D03-I,41,Normal,194,5560,0.034892086330935254
D03-I,41,Resource,686,5560,0.12338129496402878
D03-I,41,KV,46,5560,0.008273381294964029
D03-I,41,Region,2795,5560,0.5026978417266187
D03-I,41,TOU,835,5560,0.15017985611510792
D03-I,41,Demand,899,5560,0.1616906474820144
D03-I,41,Compressible,105,5560,0.018884892086330936
D03-I,42,Normal,194,5425,0.03576036866359447
D03-I,42,Resource,638,5425,0.1176036866359447
D03-I,42,KV,40,5425,0.007373271889400922
D03-I,42,Region,2858,5425,0.5268202764976958
D03-I,42,TOU,756,5425,0.1393548387096774
D03-I,42,Demand,861,5425,0.15870967741935485
D03-I,42,Compressible,78,5425,0.014377880184331797
D03-I,43,Normal,226,5330,0.042401500938086305
D03-I,43,Resource,593,5330,0.11125703564727955
D03-I,43,KV,27,5330,0.005065666041275798
D03-I,43,Region,2786,5330,0.522701688555347
D03-I,43,TOU,790,5330,0.14821763602251406
D03-I,43,Demand,818,5330,0.15347091932457785
D03-I,43,Compressible,90,5330,0.016885553470919325
D03-I,44,Normal,236,5665,0.04165931156222418
D03-I,44,Resource,673,5665,0.11879964695498677
D03-I,44,KV,20,5665,0.00353045013239188
D03-I,44,Region,2892,5665,0.5105030891438659
D03-I,44,TOU,790,5665,0.13945278022947927
D03-I,44,Demand,967,5665,0.1706972639011474
D03-I,44,Compressible,87,5665,0.015357458075904678
D03-I,45,Normal,205,5195,0.03946102021174206
D03-I,45,Resource,670,5195,0.1289701636188643
D03-I,45,KV,46,5195,0.008854667949951878
D03-I,45,Region,2700,5195,0.519730510105871
D03-I,45,TOU,666,5195,0.12820019249278153
D03-I,45,Demand,799,5195,0.1538017324350337
D03-I,45,Compressible,109,5195,0.020981713185755535
D03-I,46,Normal,223,5590,0.039892665474060826
D03-I,46,Resource,755,5590,0.13506261180679785
D03-I,46,KV,32,5590,0.005724508050089445
D03-I,46,Region,2834,5590,0.5069767441860465
D03-I,46,TOU,677,5590,0.12110912343470483
D03-I,46,Demand,936,5590,0.16744186046511628
D03-I,46,Compressible,133,5590,0.023792486583184256
D03-I,47,Normal,240,5870,0.04088586030664395
D03-I,47,Resource,715,5870,0.12180579216354344
D03-I,47,KV,40,5870,0.0068143100511073255
D03-I,47,Region,3051,5870,0.5197614991482112
D03-I,47,TOU,820,5870,0.13969335604770017
D03-I,47,Demand,873,5870,0.14872231686541737
D03-I,47,Compressible,131,5870,0.02231686541737649
D03-I,48,Normal,186,5385,0.03454038997214485
D03-I,48,Resource,697,5385,0.12943361188486538
D03-I,48,KV,45,5385,0.008356545961002786
D03-I,48,Region,2711,5385,0.503435468895079
D03-I,48,TOU,680,5385,0.12627669452181986
D03-I,48,Demand,894,5385,0.166016713091922
D03-I,48,Compressible,172,5385,0.0319405756731662
D03-I,49,Normal,240,5510,0.043557168784029036
D03-I,49,Resource,750,5510,0.13611615245009073
D03-I,49,KV,45,5510,0.008166969147005444
D03-I,49,Region,2693,5510,0.48874773139745914
D03-I,49,TOU,770,5510,0.1397459165154265
D03-I,49,Demand,788,5510,0.14301270417422868
D03-I,49,Compressible,224,5510,0.040653357531760435
D03-I,50,Normal,235,5950,0.03949579831932773
D03-I,50,Resource,690,5950,0.11596638655462185
D03-I,50,KV,39,5950,0.006554621848739495
D03-I,50,Region,3110,5950,0.5226890756302521
D03-I,50,TOU,895,5950,0.15042016806722688
D03-I,50,Demand,818,5950,0.13747899159663865
D03-I,50,Compressible,163,5950,0.027394957983193278
D03-II,1,Normal,0,2015,0.0
D03-II,1,Resource,0,2015,0.0
D03-II,1,KV,0,2015,0.0
D03-II,1,Region,446,2015,0.22133995037220844
D03-II,1,TOU,1328,2015,0.6590570719602977
D03-II,1,Demand,236,2015,0.11712158808933003
D03-II,1,Compressible,5,2015,0.0024813895781637717
D03-II,2,Normal,0,1880,0.0
D03-II,2,Resource,0,1880,0.0
D03-II,2,KV,0,1880,0.0
D03-II,2,Region,414,1880,0.22021276595744682
D03-II,2,TOU,1340,1880,0.7127659574468085
D03-II,2,Demand,126,1880,0.06702127659574468
D03-II,2,Compressible,0,1880,0.0
D03-II,3,Normal,0,1470,0.0
D03-II,3,Resource,0,1470,0.0
D03-II,3,KV,0,1470,0.0
D03-II,3,Region,324,1470,0.22040816326530613
D03-II,3,TOU,1120,1470,0.7619047619047619
D03-II,3,Demand,26,1470,0.017687074829931974
D03-II,3,Compressible,0,1470,0.0
D03-II,4,Normal,0,1385,0.0
D03-II,4,Resource,0,1385,0.0
D03-II,4,KV,0,1385,0.0
D03-II,4,Region,279,1385,0.20144404332129964
D03-II,4,TOU,1078,1385,0.7783393501805054
D03-II,4,Demand,28,1385,0.020216606498194945
D03-II,4,Compressible,0,1385,0.0
D03-II,5,Normal,0,1255,0.0
D03-II,5,Resource,0,1255,0.0
D03-II,5,KV,0,1255,0.0
D03-II,5,Region,332,1255,0.2645418326693227
D03-II,5,TOU,907,1255,0.7227091633466135
D03-II,5,Demand,16,1255,0.012749003984063745
D03-II,5,Compressible,0,1255,0.0
D03-II,6,Normal,0,1570,0.0
D03-II,6,Resource,0,1570,0.0
D03-II,6,KV,0,1570,0.0
D03-II,6,Region,345,1570,0.2197452229299363
D03-II,6,TOU,1205,1570,0.767515923566879
D03-II,6,Demand,20,1570,0.012738853503184714
D03-II,6,Compressible,0,1570,0.0
D03-II,7,Normal,0,1495,0.0
D03-II,7,Resource,0,1495,0.0
D03-II,7,KV,0,1495,0.0
D03-II,7,Region,253,1495,0.16923076923076924
D03-II,7,TOU,1234,1495,0.8254180602006689
D03-II,7,Demand,8,1495,0.005351170568561873
D03-II,7,Compressible,0,1495,0.0
D03-II,8,Normal,0,1490,0.0
D03-II,8,Resource,0,1490,0.0
D03-II,8,KV,0,1490,0.0
D03-II,8,Region,203,1490,0.13624161073825503
D03-II,8,TOU,1287,1490,0.863758389261745
D03-II,8,Demand,0,1490,0.0
D03-II,8,Compressible,0,1490,0.0
D03-II,9,Normal,0,1525,0.0
D03-II,9,Resource,0,1525,0.0
D03-II,9,KV,0,1525,0.0
D03-II,9,Region,193,1525,0.12655737704918033
D03-II,9,TOU,1327,1525,0.8701639344262295
D03-II,9,Demand,5,1525,0.003278688524590164
D03-II,9,Compressible,0,1525,0.0
D03-II,10,Normal,0,1680,0.0
D03-II,10,Resource,0,1680,0.0
D03-II,10,KV,0,1680,0.0
D03-II,10,Region,229,1680,0.1363095238095238
D03-II,10,TOU,1441,1680,0.8577380952380952
D03-II,10,Demand,10,1680,0.005952380952380952
D03-II,10,Compressible,0,1680,0.0
D03-II,11,Normal,0,1730,0.0
D03-II,11,Resource,0,1730,0.0
D03-II,11,KV,0,1730,0.0
D03-II,11,Region,179,1730,0.10346820809248555
D03-II,11,TOU,1541,1730,0.8907514450867052
D03-II,11,Demand,10,1730,0.005780346820809248
D03-II,11,Compressible,0,1730,0.0
D03-II,12,Normal,0,1730,0.0
D03-II,12,Resource,0,1730,0.0
D03-II,12,KV,0,1730,0.0
D03-II,12,Region,283,1730,0.16358381502890174
D03-II,12,TOU,1437,1730,0.830635838150289
D03-II,12,Demand,10,1730,0.005780346820809248
D03-II,12,Compressible,0,1730,0.0
D03-II,13,Normal,0,1975,0.0
D03-II,13,Resource,0,1975,0.0
D03-II,13,KV,0,1975,0.0
D03-II,13,Region,299,1975,0.15139240506329113
D03-II,13,TOU,1671,1975,0.8460759493670886
D03-II,13,Demand,5,1975,0.002531645569620253
D03-II,13,Compressible,0,1975,0.0
D03-II,14,Normal,0,1720,0.0
D03-II,14,Resource,0,1720,0.0
D03-II,14,KV,0,1720,0.0
D03-II,14,Region,210,1720,0.12209302325581395
D03-II,14,TOU,1505,1720,0.875
D03-II,14,Demand,5,1720,0.0029069767441860465
D03-II,14,Compressible,0,1720,0.0
D03-II,15,Normal,0,1775,0.0
D03-II,15,Resource,0,1775,0.0
D03-II,15,KV,0,1775,0.0
D03-II,15,Region,217,1775,0.12225352112676056
D03-II,15,TOU,1558,1775,0.8777464788732394
D03-II,15,Demand,0,1775,0.0
D03-II,15,Compressible,0,1775,0.0
D03-II,16,Normal,0,1565,0.0
D03-II,16,Resource,0,1565,0.0
D03-II,16,KV,0,1565,0.0
D03-II,16,Region,212,1565,0.13546325878594248
D03-II,16,TOU,1343,1565,0.85814696485623
D03-II,16,Demand,10,1565,0.006389776357827476
D03-II,16,Compressible,0,1565,0.0
D03-II,17,Normal,0,1680,0.0
D03-II,17,Resource,0,1680,0.0
D03-II,17,KV,0,1680,0.0
D03-II,17,Region,200,1680,0.11904761904761904
D03-II,17,TOU,1478,1680,0.8797619047619047
D03-II,17,Demand,2,1680,0.0011904761904761906
D03-II,17,Compressible,0,1680,0.0
D03-II,18,Normal,0,1695,0.0
D03-II,18,Resource,0,1695,0.0
D03-II,18,KV,0,1695,0.0
D03-II,18,Region,223,1695,0.13156342182890857
D03-II,18,TOU,1467,1695,0.8654867256637168
D03-II,18,Demand,5,1695,0.0029498525073746312
D03-II,18,Compressible,0,1695,0.0
D03-II,19,Normal,0,1715,0.0
D03-II,19,Resource,0,1715,0.0
D03-II,19,KV,0,1715,0.0
D03-II,19,Region,265,1715,0.15451895043731778
D03-II,19,TOU,1450,1715,0.8454810495626822
D03-II,19,Demand,0,1715,0.0
D03-II,19,Compressible,0,1715,0.0
D03-II,20,Normal,0,1890,0.0
D03-II,20,Resource,0,1890,0.0
D03-II,20,KV,0,1890,0.0
D03-II,20,Region,251,1890,0.1328042328042328
D03-II,20,TOU,1639,1890,0.8671957671957672
D03-II,20,Demand,0,1890,0.0
D03-II,20,Compressible,0,1890,0.0
D03-II,21,Normal,0,1755,0.0
D03-II,21,Resource,0,1755,0.0
D03-II,21,KV,0,1755,0.0
D03-II,21,Region,278,1755,0.15840455840455842
D03-II,21,TOU,1477,1755,0.8415954415954416
D03-II,21,Demand,0,1755,0.0
D03-II,21,Compressible,0,1755,0.0
D03-II,22,Normal,0,1945,0.0
D03-II,22,Resource,0,1945,0.0
D03-II,22,KV,0,1945,0.0
D03-II,22,Region,325,1945,0.16709511568123395
D03-II,22,TOU,1620,1945,0.8329048843187661
D03-II,22,Demand,0,1945,0.0
D03-II,22,Compressible,0,1945,0.0
D03-II,23,Normal,0,1850,0.0
D03-II,23,Resource,0,1850,0.0
D03-II,23,KV,0,1850,0.0
D03-II,23,Region,270,1850,0.14594594594594595
D03-II,23,TOU,1580,1850,0.8540540540540541
D03-II,23,Demand,0,1850,0.0
D03-II,23,Compressible,0,1850,0.0
D03-II,24,Normal,0,1790,0.0
D03-II,24,Resource,0,1790,0.0
D03-II,24,KV,0,1790,0.0
D03-II,24,Region,265,1790,0.14804469273743018
D03-II,24,TOU,1525,1790,0.8519553072625698
D03-II,24,Demand,0,1790,0.0
D03-II,24,Compressible,0,1790,0.0
D03-II,25,Normal,0,2125,0.0
D03-II,25,Resource,0,2125,0.0
D03-II,25,KV,0,2125,0.0
D03-II,25,Region,333,2125,0.15670588235294117
D03-II,25,TOU,1792,2125,0.8432941176470589
D03-II,25,Demand,0,2125,0.0
D03-II,25,Compressible,0,2125,0.0
D03-II,26,Normal,0,2020,0.0
D03-II,26,Resource,0,2020,0.0
D03-II,26,KV,0,2020,0.0
D03-II,26,Region,390,2020,0.19306930693069307
D03-II,26,TOU,1630,2020,0.806930693069307
D03-II,26,Demand,0,2020,0.0
D03-II,26,Compressible,0,2020,0.0
D03-II,27,Normal,0,2100,0.0
D03-II,27,Resource,0,2100,0.0
D03-II,27,KV,0,2100,0.0
D03-II,27,Region,350,2100,0.16666666666666666
D03-II,27,TOU,1750,2100,0.8333333333333334
D03-II,27,Demand,0,2100,0.0
D03-II,27,Compressible,0,2100,0.0
D03-II,28,Normal,0,2100,0.0
D03-II,28,Resource,0,2100,0.0
D03-II,28,KV,0,2100,0.0
D03-II,28,Region,387,2100,0.18428571428571427
D03-II,28,TOU,1708,2100,0.8133333333333334
D03-II,28,Demand,5,2100,0.002380952380952381
D03-II,28,Compressible,0,2100,0.0
D03-II,29,Normal,0,1990,0.0
D03-II,29,Resource,0,1990,0.0
D03-II,29,KV,0,1990,0.0
D03-II,29,Region,380,1990,0.19095477386934673
D03-II,29,TOU,1610,1990,0.8090452261306532
D03-II,29,Demand,0,1990,0.0
D03-II,29,Compressible,0,1990,0.0
D03-II,30,Normal,0,1925,0.0
D03-II,30,Resource,0,1925,0.0
D03-II,30,KV,0,1925,0.0
D03-II,30,Region,380,1925,0.1974025974025974
D03-II,30,TOU,1545,1925,0.8025974025974026
D03-II,30,Demand,0,1925,0.0
D03-II,30,Compressible,0,1925,0.0
D03-II,31,Normal,0,2085,0.0
D03-II,31,Resource,0,2085,0.0
D03-II,31,KV,0,2085,0.0
D03-II,31,Region,391,2085,0.18752997601918464
D03-II,31,TOU,1694,2085,0.8124700239808154
D03-II,31,Demand,0,2085,0.0
D03-II,31,Compressible,0,2085,0.0
D03-II,32,Normal,0,2015,0.0
D03-II,32,Resource,0,2015,0.0
D03-II,32,KV,0,2015,0.0
D03-II,32,Region,335,2015,0.1662531017369727
D03-II,32,TOU,1680,2015,0.8337468982630273
D03-II,32,Demand,0,2015,0.0
D03-II,32,Compressible,0,2015,0.0
D03-II,33,Normal,0,2010,0.0
D03-II,33,Resource,0,2010,0.0
D03-II,33,KV,0,2010,0.0
D03-II,33,Region,292,2010,0.14527363184079603
D03-II,33,TOU,1718,2010,0.854726368159204
D03-II,33,Demand,0,2010,0.0
D03-II,33,Compressible,0,2010,0.0
D03-II,34,Normal,0,2285,0.0
D03-II,34,Resource,0,2285,0.0
D03-II,34,KV,0,2285,0.0
D03-II,34,Region,360,2285,0.1575492341356674
D03-II,34,TOU,1925,2285,0.8424507658643327
D03-II,34,Demand,0,2285,0.0
D03-II,34,Compressible,0,2285,0.0
D03-II,35,Normal,0,2215,0.0
D03-II,35,Resource,0,2215,0.0
D03-II,35,KV,0,2215,0.0
D03-II,35,Region,350,2215,0.1580135440180587
D03-II,35,TOU,1865,2215,0.8419864559819413
D03-II,35,Demand,0,2215,0.0
D03-II,35,Compressible,0,2215,0.0
D03-II,36,Normal,0,2115,0.0
D03-II,36,Resource,0,2115,0.0
D03-II,36,KV,0,2115,0.0
D03-II,36,Region,332,2115,0.15697399527186762
D03-II,36,TOU,1780,2115,0.8416075650118203
D03-II,36,Demand,3,2115,0.0014184397163120568
D03-II,36,Compressible,0,2115,0.0
D03-II,37,Normal,0,1890,0.0
D03-II,37,Resource,0,1890,0.0
D03-II,37,KV,0,1890,0.0
D03-II,37,Region,313,1890,0.16560846560846562
D03-II,37,TOU,1577,1890,0.8343915343915344
D03-II,37,Demand,0,1890,0.0
D03-II,37,Compressible,0,1890,0.0
D03-II,38,Normal,0,2165,0.0
D03-II,38,Resource,0,2165,0.0
D03-II,38,KV,0,2165,0.0
D03-II,38,Region,369,2165,0.17043879907621248
D03-II,38,TOU,1796,2165,0.8295612009237875
D03-II,38,Demand,0,2165,0.0
D03-II,38,Compressible,0,2165,0.0
D03-II,39,Normal,0,2090,0.0
D03-II,39,Resource,0,2090,0.0
D03-II,39,KV,0,2090,0.0
D03-II,39,Region,383,2090,0.18325358851674642
D03-II,39,TOU,1707,2090,0.8167464114832536
D03-II,39,Demand,0,2090,0.0
D03-II,39,Compressible,0,2090,0.0
D03-II,40,Normal,0,2055,0.0
D03-II,40,Resource,0,2055,0.0
D03-II,40,KV,0,2055,0.0
D03-II,40,Region,412,2055,0.20048661800486617
D03-II,40,TOU,1643,2055,0.7995133819951338
D03-II,40,Demand,0,2055,0.0
D03-II,40,Compressible,0,2055,0.0
D03-II,41,Normal,0,2235,0.0
D03-II,41,Resource,0,2235,0.0
D03-II,41,KV,0,2235,0.0
D03-II,41,Region,456,2235,0.2040268456375839
D03-II,41,TOU,1779,2235,0.7959731543624161
D03-II,41,Demand,0,2235,0.0
D03-II,41,Compressible,0,2235,0.0
D03-II,42,Normal,0,2285,0.0
D03-II,42,Resource,0,2285,0.0
D03-II,42,KV,0,2285,0.0
D03-II,42,Region,470,2285,0.20568927789934355
D03-II,42,TOU,1815,2285,0.7943107221006565
D03-II,42,Demand,0,2285,0.0
D03-II,42,Compressible,0,2285,0.0
D03-II,43,Normal,0,2080,0.0
D03-II,43,Resource,0,2080,0.0
D03-II,43,KV,0,2080,0.0
D03-II,43,Region,485,2080,0.23317307692307693
D03-II,43,TOU,1595,2080,0.7668269230769231
D03-II,43,Demand,0,2080,0.0
D03-II,43,Compressible,0,2080,0.0
D03-II,44,Normal,0,2230,0.0
D03-II,44,Resource,0,2230,0.0
D03-II,44,KV,0,2230,0.0
D03-II,44,Region,455,2230,0.2040358744394619
D03-II,44,TOU,1773,2230,0.795067264573991
D03-II,44,Demand,2,2230,0.0008968609865470852
D03-II,44,Compressible,0,2230,0.0
D03-II,45,Normal,0,2145,0.0
D03-II,45,Resource,0,2145,0.0
D03-II,45,KV,0,2145,0.0
D03-II,45,Region,485,2145,0.2261072261072261
D03-II,45,TOU,1660,2145,0.7738927738927739
D03-II,45,Demand,0,2145,0.0
D03-II,45,Compressible,0,2145,0.0
D03-II,46,Normal,0,2285,0.0
D03-II,46,Resource,0,2285,0.0
D03-II,46,KV,0,2285,0.0
D03-II,46,Region,465,2285,0.20350109409190373
D03-II,46,TOU,1820,2285,0.7964989059080962
D03-II,46,Demand,0,2285,0.0
D03-II,46,Compressible,0,2285,0.0
D03-II,47,Normal,0,2160,0.0
D03-II,47,Resource,0,2160,0.0
D03-II,47,KV,0,2160,0.0
D03-II,47,Region,335,2160,0.1550925925925926
D03-II,47,TOU,1825,2160,0.8449074074074074
D03-II,47,Demand,0,2160,0.0
D03-II,47,Compressible,0,2160,0.0
D03-II,48,Normal,0,2070,0.0
D03-II,48,Resource,0,2070,0.0
D03-II,48,KV,0,2070,0.0
D03-II,48,Region,330,2070,0.15942028985507245
D03-II,48,TOU,1740,2070,0.8405797101449275
D03-II,48,Demand,0,2070,0.0
D03-II,48,Compressible,0,2070,0.0
D03-II,49,Normal,0,1800,0.0
D03-II,49,Resource,0,1800,0.0
D03-II,49,KV,0,1800,0.0
D03-II,49,Region,240,1800,0.13333333333333333
D03-II,49,TOU,1560,1800,0.8666666666666667
D03-II,49,Demand,0,1800,0.0
D03-II,49,Compressible,0,1800,0.0
D03-II,50,Normal,0,1995,0.0
D03-II,50,Resource,0,1995,0.0
D03-II,50,KV,0,1995,0.0
D03-II,50,Region,325,1995,0.16290726817042606
D03-II,50,TOU,1670,1995,0.8370927318295739
D03-II,50,Demand,0,1995,0.0
D03-II,50,Compressible,0,1995,0.0
