path,sha256
outputs/diagnostics/d03_v2/runs/type_i/runs/type_i_D03I_Compressible_soft_j50_i7101_a101_g50/summary.json,b189f2c228f3c2200e955f16367821e066b10b71c2db34e091097b9672206024
outputs/diagnostics/d03_v2/runs/type_i/runs/type_i_D03I_Compressible_soft_j50_i7101_a101_g50/rl_steps.csv,1e212be6a27a259db32028784185e931a84fb4784a8dc38a6117906271f1ba81
outputs/diagnostics/d03_v2/runs/type_i/runs/type_i_D03I_Compressible_soft_j50_i7101_a101_g50/qtable.json,9c6967c3db1706445e0e0d419997ffa6adad3df4d3ded2609e9f18f2fca6653e
outputs/diagnostics/d03_v2/runs/type_i/runs/type_i_D03I_Compressible_soft_j50_i7101_a101_g50/diagnostic.json,1fb188907bc17f8ee92bc33d912e9043a32f9dad02a7a54f01633fead3088ae8
outputs/diagnostics/d03_v2/runs/type_i/runs/type_i_D03I_Compressible_soft_j50_i7101_a101_g50/config.json,1a9d9bdf02a4c98210c60ccfdb08135f9263ba79b9de2fc2aea29eeee89813ee
outputs/diagnostics/d03_v2/runs/type_i/runs/type_i_D03I_Compressible_soft_j50_i7101_a202_g50/summary.json,5986f5f20e98dcf7a50b09acdf3419100d75c6efdb27f155b59a040a52ae04a3
outputs/diagnostics/d03_v2/runs/type_i/runs/type_i_D03I_Compressible_soft_j50_i7101_a202_g50/rl_steps.csv,5b910c2e08b0bdb19996dd1bf733f11176da868d6375e5351ece45377788b176
outputs/diagnostics/d03_v2/runs/type_i/runs/type_i_D03I_Compressible_soft_j50_i7101_a202_g50/qtable.json,be90cb8de3772637c3c8fa20b58305e38266729805bc83554ad7d52b188a51bc
outputs/diagnostics/d03_v2/runs/type_i/runs/type_i_D03I_Compressible_soft_j50_i7101_a202_g50/diagnostic.json,ef1fbaa7504439d0f86e1f21ef8c9796b79857e2204805a593a827a1661bc0e7
outputs/diagnostics/d03_v2/runs/type_i/runs/type_i_D03I_Compressible_soft_j50_i7101_a202_g50/config.json,3558c21f2564ea6b72dfb7add1e8090804361973803be1ec680c88b28d53a426
outputs/diagnostics/d03_v2/runs/type_i/runs/type_i_D03I_Compressible_soft_j50_i7101_a303_g50/summary.json,e5e981d3d102f205c8e042ef73621642a574ce6ddb2df511c9ccc06b2d86b6da
outputs/diagnostics/d03_v2/runs/type_i/runs/type_i_D03I_Compressible_soft_j50_i7101_a303_g50/rl_steps.csv,b38c03f68896620eed04cb5409900356dce984b1a1c46d614f78f2225005090a
outputs/diagnostics/d03_v2/runs/type_i/runs/type_i_D03I_Compressible_soft_j50_i7101_a303_g50/qtable.json,98a86f8b5f6d6cd9498a54241d5bf0d0bf4d7c90fb6b3efd89a8e7a5dc6f81c0
outputs/diagnostics/d03_v2/runs/type_i/runs/type_i_D03I_Compressible_soft_j50_i7101_a303_g50/diagnostic.json,9714e091d97582470878e7b2d5b93f5785838c79357b8f1cc10b774fd3603f74
outputs/diagnostics/d03_v2/runs/type_i/runs/type_i_D03I_Compressible_soft_j50_i7101_a303_g50/config.json,c2d0ee1b044f887116e9bdf6682424bd0a1b96347e2d46bbbf701f40e74f1fc8
outputs/diagnostics/d03_v2/runs/type_i/runs/type_i_D03I_Compressible_soft_j50_i7102_a101_g50/summary.json,2c140eb5fb3ab9c68fb26a30bbf9cda0854bb881729dbff45cf2310fafb142a8
outputs/diagnostics/d03_v2/runs/type_i/runs/type_i_D03I_Compressible_soft_j50_i7102_a101_g50/rl_steps.csv,bc5002b4e4bebf5ab43ce43f1d82b86b59504e8f7c1c61b76e763813c331d772
outputs/diagnostics/d03_v2/runs/type_i/runs/type_i_D03I_Compressible_soft_j50_i7102_a101_g50/qtable.json,44094fd36084a8624ccb436e0933b75d03365877800487e6b7b9087e83a32bfe
outputs/diagnostics/d03_v2/runs/type_i/runs/type_i_D03I_Compressible_soft_j50_i7102_a101_g50/diagnostic.json,991e08577524f620059cf0d0090a9e6a2708499ee05696ff097d058cc69c4b27
outputs/diagnostics/d03_v2/runs/type_i/runs/type_i_D03I_Compressible_soft_j50_i7102_a101_g50/config.json,92cfa1df90babbeccba489505dbcedd3048fb50d8e212474fb5cdb2303670366
outputs/diagnostics/d03_v2/runs/type_i/runs/type_i_D03I_Compressible_soft_j50_i7102_a202_g50/summary.json,9c0bfecf29d9f1d6a063dbf291d8df9405e58a6286479cfec4ad98a7ddf53e0b
outputs/diagnostics/d03_v2/runs/type_i/runs/type_i_D03I_Compressible_soft_j50_i7102_a202_g50/rl_steps.csv,0b137397a3189ec6ccc05b0d4877300fe3c89929b5349af17bcc244120fa2015
outputs/diagnostics/d03_v2/runs/type_i/runs/type_i_D03I_Compressible_soft_j50_i7102_a202_g50/qtable.json,f348ee6056ad72e1cedf86ae1315b2f4269e35bca4b4a16b7ecab66b0283bd5d
outputs/diagnostics/d03_v2/runs/type_i/runs/type_i_D03I_Compressible_soft_j50_i7102_a202_g50/diagnostic.json,cf8fc85873b6b3703cd0bfed7d6cf0e2574cd3b9b78fe90b6007b1a66e5d38ab
outputs/diagnostics/d03_v2/runs/type_i/runs/type_i_D03I_Compressible_soft_j50_i7102_a202_g50/config.json,a9ba000a145b7078a2d9fa7dcba8c58996d1b5b4bd601f8025c085de3c33bffd
outputs/diagnostics/d03_v2/runs/type_i/runs/type_i_D03I_Compressible_soft_j50_i7102_a303_g50/summary.json,abe4a4b2ed6e9f06e7b5aa8e6c803b6950a3982a0f89790f227120b15465ba1e
outputs/diagnostics/d03_v2/runs/type_i/runs/type_i_D03I_Compressible_soft_j50_i7102_a303_g50/rl_steps.csv,78f13c738747905a7d2c6e37ddd167f1d6cdfef06c5de16643501369a0d5887d
outputs/diagnostics/d03_v2/runs/type_i/runs/type_i_D03I_Compressible_soft_j50_i7102_a303_g50/qtable.json,23eedd6728fec807ed30e5a486520cb4a65cf3e08027097dc436ac44435618c4
outputs/diagnostics/d03_v2/runs/type_i/runs/type_i_D03I_Compressible_soft_j50_i7102_a303_g50/diagnostic.json,65383d63ea6965483d4544493369023e63889077ecb2e5b6d5bc41bb3bd9c578
outputs/diagnostics/d03_v2/runs/type_i/runs/type_i_D03I_Compressible_soft_j50_i7102_a303_g50/config.json,af654ca791978051ed4bd79f683c1aa15b6e63109dff918de273eefaba995c70
outputs/diagnostics/d03_v2/runs/type_i/runs/type_i_D03I_Demand_strong_j50_i7101_a101_g50/summary.json,e4c23fcb9237f814500505cf9c6f94b205532a84a3836bd0c513d934bb5c6376
outputs/diagnostics/d03_v2/runs/type_i/runs/type_i_D03I_Demand_strong_j50_i7101_a101_g50/rl_steps.csv,d8341640ff82475b06b2581e9d7a87864497fa8eadda137a7bb1a86882202286
outputs/diagnostics/d03_v2/runs/type_i/runs/type_i_D03I_Demand_strong_j50_i7101_a101_g50/qtable.json,3ab37532803ccfbf4dcfc9b303bf86221da05cf469bfbb8085d8b43368a16446
outputs/diagnostics/d03_v2/runs/type_i/runs/type_i_D03I_Demand_strong_j50_i7101_a101_g50/diagnostic.json,f09d380cd368d40b325122992c3bc15e09423129e097c6174177bea5309ae0b7
outputs/diagnostics/d03_v2/runs/type_i/runs/type_i_D03I_Demand_strong_j50_i7101_a101_g50/config.json,fc73149fdcf0ee83cc66e4229121e2909ee121e0cb522f155904441ce0d999f2
outputs/diagnostics/d03_v2/runs/type_i/runs/type_i_D03I_Demand_strong_j50_i7101_a202_g50/summary.json,66619e8edacfcfb9a241da01014fc01331f0f7d3223d309125bb187560505384
outputs/diagnostics/d03_v2/runs/type_i/runs/type_i_D03I_Demand_strong_j50_i7101_a202_g50/rl_steps.csv,cdee7589cfdb593d859ce70bec57f680a3ae5c066eb60073471d96e3969c8d26
outputs/diagnostics/d03_v2/runs/type_i/runs/type_i_D03I_Demand_strong_j50_i7101_a202_g50/qtable.json,fcd1f75a479bae532d7e7d822d247af9b29cda24c670513ff7205d4e79bf8346
outputs/diagnostics/d03_v2/runs/type_i/runs/type_i_D03I_Demand_strong_j50_i7101_a202_g50/diagnostic.json,5a6c2463d277ce33c7262719c5bfd1185f14a8090a862dbb0319d40a706ac4c3
outputs/diagnostics/d03_v2/runs/type_i/runs/type_i_D03I_Demand_strong_j50_i7101_a202_g50/config.json,45d29b5a3d16ac8aa2817fac8eeff43a664bd926eb80f38adc1d8a0664417936
outputs/diagnostics/d03_v2/runs/type_i/runs/type_i_D03I_Demand_strong_j50_i7101_a303_g50/summary.json,e1444b9a51f6bd529aa088bdfe64aad8415fda2deb36e5b4e301f95e82f1878f
outputs/diagnostics/d03_v2/runs/type_i/runs/type_i_D03I_Demand_strong_j50_i7101_a303_g50/rl_steps.csv,9d34636ea8697f876d1bdf3f848b381936d9c0903272f8bcb3c77ea03a823385
outputs/diagnostics/d03_v2/runs/type_i/runs/type_i_D03I_Demand_strong_j50_i7101_a303_g50/qtable.json,69397145509c8a54504f8d6b64bc33b1898ccf46c2166fce9bfea1705b435c04
outputs/diagnostics/d03_v2/runs/type_i/runs/type_i_D03I_Demand_strong_j50_i7101_a303_g50/diagnostic.json,c28f3a7e07c8fd0ca10ffe865533e711c3fe7d05f849c4ee27d8cbf5bb0c069c
outputs/diagnostics/d03_v2/runs/type_i/runs/type_i_D03I_Demand_strong_j50_i7101_a303_g50/config.json,5196b987baef14139a7d205cdae79896db17f87e5d8bca15be7a825aeab460d7
outputs/diagnostics/d03_v2/runs/type_i/runs/type_i_D03I_Demand_strong_j50_i7102_a101_g50/summary.json,1cdc9be437831fe519382a743f72ae352e8418cc6fa843e8d2d8445268e8939b
outputs/diagnostics/d03_v2/runs/type_i/runs/type_i_D03I_Demand_strong_j50_i7102_a101_g50/rl_steps.csv,db588d80099f4afe78250a1ce8bf5493abd53274ce78e70d7ba84c616e285923
outputs/diagnostics/d03_v2/runs/type_i/runs/type_i_D03I_Demand_strong_j50_i7102_a101_g50/qtable.json,b3b0e41d8ab9cf5d0b5bedb99dbae00d607ed8807184cbda770a248771d39961
outputs/diagnostics/d03_v2/runs/type_i/runs/type_i_D03I_Demand_strong_j50_i7102_a101_g50/diagnostic.json,d41df186729cb4a29c9901960893893ff144f0028636e30edcd23e302ff0fafb
outputs/diagnostics/d03_v2/runs/type_i/runs/type_i_D03I_Demand_strong_j50_i7102_a101_g50/config.json,e8f4ee347af7ec7c6c93634e0c73b9510f84b7d85d955e3bb19e53e97bf95939
outputs/diagnostics/d03_v2/runs/type_i/runs/type_i_D03I_Demand_strong_j50_i7102_a202_g50/summary.json,aa928f8fcd3cae7ae45aad8601feab3ad7d0e40d769f9c7ed01e04d961859dda
outputs/diagnostics/d03_v2/runs/type_i/runs/type_i_D03I_Demand_strong_j50_i7102_a202_g50/rl_steps.csv,5f5f380f90b2b856fb61703de472717cf1fa497e18ba6f81a883ae0bbf2c9625
outputs/diagnostics/d03_v2/runs/type_i/runs/type_i_D03I_Demand_strong_j50_i7102_a202_g50/qtable.json,ff8657b78ff1c3ef96388852f8591f2ba6cc40a0a7f2cac6fd18e3407f0d2efc
outputs/diagnostics/d03_v2/runs/type_i/runs/type_i_D03I_Demand_strong_j50_i7102_a202_g50/diagnostic.json,d7eb18289a096fe54676e1d494b5213e019808c1f60cdf3ed33b65f9f378074e
outputs/diagnostics/d03_v2/runs/type_i/runs/type_i_D03I_Demand_strong_j50_i7102_a202_g50/config.json,449ff332af7f8cbff9896de2c8107dc2015415e50ec5c33e63a1aa52b7b11d9f
outputs/diagnostics/d03_v2/runs/type_i/runs/type_i_D03I_Demand_strong_j50_i7102_a303_g50/summary.json,368a0e8f439371454e3368b3ce000c4b45541f8b8fc088a6c89f0996e68f419e
outputs/diagnostics/d03_v2/runs/type_i/runs/type_i_D03I_Demand_strong_j50_i7102_a303_g50/rl_steps.csv,c979ea85d42f8f27139542446114f935b054c4bb5be47b74395f91352484e1d1
outputs/diagnostics/d03_v2/runs/type_i/runs/type_i_D03I_Demand_strong_j50_i7102_a303_g50/qtable.json,9fcec76d8e926465e72f761f4f6a74539306db0159d7b2867089cd3fff3c45f6
outputs/diagnostics/d03_v2/runs/type_i/runs/type_i_D03I_Demand_strong_j50_i7102_a303_g50/diagnostic.json,37b71c812d6f7a13322bf79c23b805e9329097dc534784dcaf80600469581375
outputs/diagnostics/d03_v2/runs/type_i/runs/type_i_D03I_Demand_strong_j50_i7102_a303_g50/config.json,7c384250f0fc4f5062317968e26218ea82b264ded2ffcd96f8705ea78554af33
outputs/diagnostics/d03_v2/runs/type_i/runs/type_i_D03I_KV_moderate_j50_i7101_a101_g50/summary.json,87edc320a86ed92b8ac8acc59062c2119bb0191db005ce5065b8959df0e1c2d5
outputs/diagnostics/d03_v2/runs/type_i/runs/type_i_D03I_KV_moderate_j50_i7101_a101_g50/rl_steps.csv,a4ba2f49e4e94fcde9f82cbab404676ea406f004147ffea5e703e061d3121fc7
outputs/diagnostics/d03_v2/runs/type_i/runs/type_i_D03I_KV_moderate_j50_i7101_a101_g50/qtable.json,76ca5ffa9bffe9e3769f3f9a5a5008f41fc77ee70e543449085925c1caf302f8
outputs/diagnostics/d03_v2/runs/type_i/runs/type_i_D03I_KV_moderate_j50_i7101_a101_g50/diagnostic.json,094e079852fefc76b37e22eb30a5b01d7db35e4731db9b03aa0db6cb53703073
outputs/diagnostics/d03_v2/runs/type_i/runs/type_i_D03I_KV_moderate_j50_i7101_a101_g50/config.json,4545cecc3b8507fcffe602f2a8ff4e8f59c6dcd4cca8e3c742f9440d07e28f68
outputs/diagnostics/d03_v2/runs/type_i/runs/type_i_D03I_KV_moderate_j50_i7101_a202_g50/summary.json,6b98ee814a1c30114ec9d8bd06425e23952a8e6199d639fd6d2cbb2338194103
outputs/diagnostics/d03_v2/runs/type_i/runs/type_i_D03I_KV_moderate_j50_i7101_a202_g50/rl_steps.csv,a3513c9ffb3daa5becd14c64a91c029a21b0b95ade19f0742f80238df11ff704
outputs/diagnostics/d03_v2/runs/type_i/runs/type_i_D03I_KV_moderate_j50_i7101_a202_g50/qtable.json,190a5cabb7b71fa6341b9886b025a00dc6109325e57cfb0a87d19599f22de741
outputs/diagnostics/d03_v2/runs/type_i/runs/type_i_D03I_KV_moderate_j50_i7101_a202_g50/diagnostic.json,0cda314bad60d758a5a2deb4bbd964a6d00606ba39bf4119030ce46397e05a86
outputs/diagnostics/d03_v2/runs/type_i/runs/type_i_D03I_KV_moderate_j50_i7101_a202_g50/config.json,71f61aa1ef3e6254b6f6d9ce89c5b12f7a9e466b1696d7b163356db1244fa6b8
outputs/diagnostics/d03_v2/runs/type_i/runs/type_i_D03I_KV_moderate_j50_i7101_a303_g50/summary.json,e8d60c8d67004da3280a10607de85f8fdf532f8aaf3b147dbaff1d8fd56b9ecb
outputs/diagnostics/d03_v2/runs/type_i/runs/type_i_D03I_KV_moderate_j50_i7101_a303_g50/rl_steps.csv,9be18ffa5d43afb83bf442d0cdd105ee869f2d70cba555d00c0ee1d389020218
outputs/diagnostics/d03_v2/runs/type_i/runs/type_i_D03I_KV_moderate_j50_i7101_a303_g50/qtable.json,2ca524ed441defae94213538bdf61c5656da539ddb45c5d249986d0fdbe4973c
outputs/diagnostics/d03_v2/runs/type_i/runs/type_i_D03I_KV_moderate_j50_i7101_a303_g50/diagnostic.json,a48d120c07abe5dcf32e8de5c0f176232145c5576e9b5778a549c173d88f8c07
outputs/diagnostics/d03_v2/runs/type_i/runs/type_i_D03I_KV_moderate_j50_i7101_a303_g50/config.json,68c58474ca0a7dafd29ff71b5a6ecca13bc48bec0480d369fc2188cd16fa432b
outputs/diagnostics/d03_v2/runs/type_i/runs/type_i_D03I_KV_moderate_j50_i7102_a101_g50/summary.json,67934a5255afd27f596be17ceb014a07b351597a7b05f996c013c99520bb9edc
outputs/diagnostics/d03_v2/runs/type_i/runs/type_i_D03I_KV_moderate_j50_i7102_a101_g50/rl_steps.csv,9c6c535549462b794791a47eb5f76d24ee0351923582f105a15ffe7a560f5550
outputs/diagnostics/d03_v2/runs/type_i/runs/type_i_D03I_KV_moderate_j50_i7102_a101_g50/qtable.json,b21d31825d6b04d9f477167172750bed9fbcb6d3052811ca032e29cbf1ca8724
outputs/diagnostics/d03_v2/runs/type_i/runs/type_i_D03I_KV_moderate_j50_i7102_a101_g50/diagnostic.json,d54ce106a2fb845ce2f4a261c4878aac83c6587d8086a318a9d500573d5e6774
outputs/diagnostics/d03_v2/runs/type_i/runs/type_i_D03I_KV_moderate_j50_i7102_a101_g50/config.json,bfd53ba82882d83d83414f318060e7b79fe7fb39a37b5c9d1cfcea99aee1fdba
outputs/diagnostics/d03_v2/runs/type_i/runs/type_i_D03I_KV_moderate_j50_i7102_a202_g50/summary.json,1267bea43980d85a90e8c14b7c1c9b7cd6cd2437d15dbd00fb63be149dc3a1e2
outputs/diagnostics/d03_v2/runs/type_i/runs/type_i_D03I_KV_moderate_j50_i7102_a202_g50/rl_steps.csv,83f1e4141146116e422c00050387ea7cae333876f03b566036d98c0674ac4da9
outputs/diagnostics/d03_v2/runs/type_i/runs/type_i_D03I_KV_moderate_j50_i7102_a202_g50/qtable.json,4cdb39b2c212ff047a83c9b34d73411e4b950f6ab92351e6eae2e98271eceda2
outputs/diagnostics/d03_v2/runs/type_i/runs/type_i_D03I_KV_moderate_j50_i7102_a202_g50/diagnostic.json,657acc6b1c7a852ac4fbab06f9b5fde045ab314d073d55d92c7335a701e9b83d
outputs/diagnostics/d03_v2/runs/type_i/runs/type_i_D03I_KV_moderate_j50_i7102_a202_g50/config.json,103eedec34e181030821a293a1d0062739e49f51a373a9afa1bfdd9a673e458a
outputs/diagnostics/d03_v2/runs/type_i/runs/type_i_D03I_KV_moderate_j50_i7102_a303_g50/summary.json,c4cced34e2b3507070ad05c7ff2cbbda468f74f15a70a245a37ad448a0fb9f9e
outputs/diagnostics/d03_v2/runs/type_i/runs/type_i_D03I_KV_moderate_j50_i7102_a303_g50/rl_steps.csv,20a92595fedd62ad37bf8bc3799f7d382afc78c7775b088c3a6b4ebd2c66773b
outputs/diagnostics/d03_v2/runs/type_i/runs/type_i_D03I_KV_moderate_j50_i7102_a303_g50/qtable.json,77b573d6fb0fcf3fcf3a4c26c18eb7d385e021f067974b4a448699d9370ade77
outputs/diagnostics/d03_v2/runs/type_i/runs/type_i_D03I_KV_moderate_j50_i7102_a303_g50/diagnostic.json,c46ca4881724667ba62eced7762c54e02f4622e1ea20ae8b3e67035e1d397eab
outputs/diagnostics/d03_v2/runs/type_i/runs/type_i_D03I_KV_moderate_j50_i7102_a303_g50/config.json,277faf5266410c17a68785669c2886a08a179106f33b89c5ac78ba357311a4c3
outputs/diagnostics/d03_v2/runs/type_i/runs/type_i_D03I_Normal_soft_j50_i7101_a101_g50/summary.json,ce571f0229f86378fe62e3aa97dee7c7706c1d150ac136a678aed40c1c7ff502
outputs/diagnostics/d03_v2/runs/type_i/runs/type_i_D03I_Normal_soft_j50_i7101_a101_g50/rl_steps.csv,c2a31a571ac7d1df86e87f3437ecf606ed619b4e89a8908cc2c75743bfb45cea
outputs/diagnostics/d03_v2/runs/type_i/runs/type_i_D03I_Normal_soft_j50_i7101_a101_g50/qtable.json,d375ac518126c015f1116f6c5a3d4dc4a079e5ba7ef6fec0cf7d794ad6a7f55e
outputs/diagnostics/d03_v2/runs/type_i/runs/type_i_D03I_Normal_soft_j50_i7101_a101_g50/diagnostic.json,15be1187ea865c15125be96ca4f3ae6754305a0687ec21a15e2e2d362335fb42
outputs/diagnostics/d03_v2/runs/type_i/runs/type_i_D03I_Normal_soft_j50_i7101_a101_g50/config.json,2c7e3762d01b19ad4efd00fe315cfbe6fe59757b33e31dc7feff9f2780cfba38
outputs/diagnostics/d03_v2/runs/type_i/runs/type_i_D03I_Normal_soft_j50_i7101_a202_g50/summary.json,f553a226cb83a6ad8b652a833e289ad127938f6971727adf040904260fbf9d29
outputs/diagnostics/d03_v2/runs/type_i/runs/type_i_D03I_Normal_soft_j50_i7101_a202_g50/rl_steps.csv,9c7c71d0e0ab13e415e7827ad2ed99edb8dc23d49998b1ec72d437a7e92ef3d3
outputs/diagnostics/d03_v2/runs/type_i/runs/type_i_D03I_Normal_soft_j50_i7101_a202_g50/qtable.json,fcf81ff0e8d02ef50c76a21ea3d8add83cb60a44eb0de377a21f5fff71cff568
outputs/diagnostics/d03_v2/runs/type_i/runs/type_i_D03I_Normal_soft_j50_i7101_a202_g50/diagnostic.json,38a2a8c2c239ef62339c2bedab41bbe832bdaadc411181e7875c8ad3d3611b83
outputs/diagnostics/d03_v2/runs/type_i/runs/type_i_D03I_Normal_soft_j50_i7101_a202_g50/config.json,4208226d3f8e0f1f277bae0d5df5e02fa19acba45d35fd9cf74034c235c51c03
outputs/diagnostics/d03_v2/runs/type_i/runs/type_i_D03I_Normal_soft_j50_i7101_a303_g50/summary.json,3a0aef43b0cb6165e8a525faa6904d998836685bfdf887a5581035e50ca723c1
outputs/diagnostics/d03_v2/runs/type_i/runs/type_i_D03I_Normal_soft_j50_i7101_a303_g50/rl_steps.csv,910865150268f15827ce42e7679fc0e2a3a573de413657bc2c9a954be6de66a0
outputs/diagnostics/d03_v2/runs/type_i/runs/type_i_D03I_Normal_soft_j50_i7101_a303_g50/qtable.json,6df89aae6795ea688b15d4e769980579bae4f8ef3cb8b947d5e2328679e41685
outputs/diagnostics/d03_v2/runs/type_i/runs/type_i_D03I_Normal_soft_j50_i7101_a303_g50/diagnostic.json,32b19b222fcc93d4f0c8ecd701a90fa1de7d561f9c7766ad3c085c308b777eae
outputs/diagnostics/d03_v2/runs/type_i/runs/type_i_D03I_Normal_soft_j50_i7101_a303_g50/config.json,734d5b55794265025db61b9253781b0cb7a9bfbd46836f8da855b3443fedfee0
outputs/diagnostics/d03_v2/runs/type_i/runs/type_i_D03I_Normal_soft_j50_i7102_a101_g50/summary.json,2fc0e8698087aedbd0a125f627c35d09d7e7d392d934ea2ade3bdcae0cd71c4a
outputs/diagnostics/d03_v2/runs/type_i/runs/type_i_D03I_Normal_soft_j50_i7102_a101_g50/rl_steps.csv,297911f01e968e02b199944ebdec741276327532855173212485745307834143
outputs/diagnostics/d03_v2/runs/type_i/runs/type_i_D03I_Normal_soft_j50_i7102_a101_g50/qtable.json,edec01ce4f089ae35178a606abe0a0ea08fc373b9c1c95a235480e59d3ccb321
outputs/diagnostics/d03_v2/runs/type_i/runs/type_i_D03I_Normal_soft_j50_i7102_a101_g50/diagnostic.json,9020423038f798105df8d6dec80ae415fe78605f272834742a145bb6651a3175
outputs/diagnostics/d03_v2/runs/type_i/runs/type_i_D03I_Normal_soft_j50_i7102_a101_g50/config.json,ede0399f81e39b051418a7e5f4885983fe95eede168af9f7d64f92c91223646f
outputs/diagnostics/d03_v2/runs/type_i/runs/type_i_D03I_Normal_soft_j50_i7102_a202_g50/summary.json,6060f9a1eac9e2c69744a3a7654d0901177628994287b42199aa28c762fecf66
outputs/diagnostics/d03_v2/runs/type_i/runs/type_i_D03I_Normal_soft_j50_i7102_a202_g50/rl_steps.csv,5284dd32a61c31fc8b33c0cb8be3f6ed4085e00a9443b843a23f054edef16c9d
outputs/diagnostics/d03_v2/runs/type_i/runs/type_i_D03I_Normal_soft_j50_i7102_a202_g50/qtable.json,508d311c64dfa4ddb83b4f25f29eed820ca81c349969746fc5d88e0bbeb099ba
outputs/diagnostics/d03_v2/runs/type_i/runs/type_i_D03I_Normal_soft_j50_i7102_a202_g50/diagnostic.json,41c3051076d996ee7e9a82ebbcc34a7d8cd8d05043483dd79d2d675576e2e7f4
outputs/diagnostics/d03_v2/runs/type_i/runs/type_i_D03I_Normal_soft_j50_i7102_a202_g50/config.json,6061e6bde2e48d7c12feff0767f3d0662083fff1d3a437b01e2d61047fd92554
outputs/diagnostics/d03_v2/runs/type_i/runs/type_i_D03I_Normal_soft_j50_i7102_a303_g50/summary.json,5042160b78afbf9ae56eb8f352e7c652f4ac65165a7c1727b497a93b4bb0de0a
outputs/diagnostics/d03_v2/runs/type_i/runs/type_i_D03I_Normal_soft_j50_i7102_a303_g50/rl_steps.csv,03d02523fb31f40533b7274352c458a72cfed92370782a7fb3a5c44b824c7855
outputs/diagnostics/d03_v2/runs/type_i/runs/type_i_D03I_Normal_soft_j50_i7102_a303_g50/qtable.json,496917318f8c63a4dd3e03f00d95baafd88c84cf3268e2032fd133d564e8d7a5
outputs/diagnostics/d03_v2/runs/type_i/runs/type_i_D03I_Normal_soft_j50_i7102_a303_g50/diagnostic.json,53d2c2aa23b05bd5ad656387db29b4d7727e6f15a78db4b66c1677e37882c7cd
outputs/diagnostics/d03_v2/runs/type_i/runs/type_i_D03I_Normal_soft_j50_i7102_a303_g50/config.json,b5b61ef80162479f58231564d4d64db5649a09a6d4d1e5ff8de2e7a142f1aab8
outputs/diagnostics/d03_v2/runs/type_i/runs/type_i_D03I_Region_soft_j50_i7101_a101_g50/summary.json,102e92b4b67461f78d3fa03fdee8bca404f9ddc01abfdad67470c21c6fe33f70
outputs/diagnostics/d03_v2/runs/type_i/runs/type_i_D03I_Region_soft_j50_i7101_a101_g50/rl_steps.csv,b95dc60e048ef5406932064729aa7e4826d90b5ebc40d5c66a542872c83bd8ad
outputs/diagnostics/d03_v2/runs/type_i/runs/type_i_D03I_Region_soft_j50_i7101_a101_g50/qtable.json,4602b95542408168c0887b4f323d71dc308f3799e6bcc6ad00eda1cc08e1fb36
outputs/diagnostics/d03_v2/runs/type_i/runs/type_i_D03I_Region_soft_j50_i7101_a101_g50/diagnostic.json,1c3d66fd882e6e6f0795db214ff85bf5c683810f9d27e06b2dcd594303492b61
outputs/diagnostics/d03_v2/runs/type_i/runs/type_i_D03I_Region_soft_j50_i7101_a101_g50/config.json,59776c3abcf40f21a81b1c1677644176ff1099951ab059f0a35b0ea7b6e8fdc7
outputs/diagnostics/d03_v2/runs/type_i/runs/type_i_D03I_Region_soft_j50_i7101_a202_g50/summary.json,5816ecbe9d0f56324680952e53915487d977ebd7d92ddb2495a24642511c7066
outputs/diagnostics/d03_v2/runs/type_i/runs/type_i_D03I_Region_soft_j50_i7101_a202_g50/rl_steps.csv,a0395ea2eed546fd8ac88f6c47ed66e98ac802e52ca9f7e907bbd5fff7cec684
outputs/diagnostics/d03_v2/runs/type_i/runs/type_i_D03I_Region_soft_j50_i7101_a202_g50/qtable.json,385748206027b7464ca4503c46548fc205f01cadb04991995933821e9a49c593
outputs/diagnostics/d03_v2/runs/type_i/runs/type_i_D03I_Region_soft_j50_i7101_a202_g50/diagnostic.json,33650f4f424c7c74a15fbc65fec0e500f120a514c30d3c6059adc490eb4be93e
outputs/diagnostics/d03_v2/runs/type_i/runs/type_i_D03I_Region_soft_j50_i7101_a202_g50/config.json,5737d6ea36e2c869307c48094d6c2caa3e669bb3ee7816e3dfe8292c2eff3250
outputs/diagnostics/d03_v2/runs/type_i/runs/type_i_D03I_Region_soft_j50_i7101_a303_g50/summary.json,23fbb7d48ea2e73e36ff1e34fa715d12a1c7c8e2ba95c475bcb35fc276f9254d
outputs/diagnostics/d03_v2/runs/type_i/runs/type_i_D03I_Region_soft_j50_i7101_a303_g50/rl_steps.csv,bf0a069e1b8efd47196410790faf0ef2a1b2d1d05459b2ad26cefb3268db3276
outputs/diagnostics/d03_v2/runs/type_i/runs/type_i_D03I_Region_soft_j50_i7101_a303_g50/qtable.json,6880b462a007d471920b9708dfd38b23e465073514697be79b1fb3081e9703c6
outputs/diagnostics/d03_v2/runs/type_i/runs/type_i_D03I_Region_soft_j50_i7101_a303_g50/diagnostic.json,4719eb6d44533b386d27cd1501f0585b5c4707fb9a5e6a32d219c0c0065b6792
outputs/diagnostics/d03_v2/runs/type_i/runs/type_i_D03I_Region_soft_j50_i7101_a303_g50/config.json,e9e33ba470a5c95bc4594008c99fb687d146a94f91c122fa39c6432d85496694
outputs/diagnostics/d03_v2/runs/type_i/runs/type_i_D03I_Region_soft_j50_i7102_a101_g50/summary.json,0f33ce41bc9875bb3ccaca501571ddb740f6be6ac983e31171ffbb3ca89a4775
outputs/diagnostics/d03_v2/runs/type_i/runs/type_i_D03I_Region_soft_j50_i7102_a101_g50/rl_steps.csv,7c396ed764b061f72c4aa729afba02f3a48d5d8b6ba90d1d41e44eb41ec8c5dc
outputs/diagnostics/d03_v2/runs/type_i/runs/type_i_D03I_Region_soft_j50_i7102_a101_g50/qtable.json,2c092ec66915ad66fa557bb1cda04e18c4bb192d604bde076372efe629af9cb8
outputs/diagnostics/d03_v2/runs/type_i/runs/type_i_D03I_Region_soft_j50_i7102_a101_g50/diagnostic.json,5ecdd0b4f39efd157d7a801cdf782e0a6167538e464f311a93dbecad4558f2ac
outputs/diagnostics/d03_v2/runs/type_i/runs/type_i_D03I_Region_soft_j50_i7102_a101_g50/config.json,ca89a047faec42332b14bcb57944baf6693e25842f613c8bd09103ac5991f660
outputs/diagnostics/d03_v2/runs/type_i/runs/type_i_D03I_Region_soft_j50_i7102_a202_g50/summary.json,28035127e3dd40c0ede239304399ba3c94f7e56481c1e2c4b1c3d5525a9badba
outputs/diagnostics/d03_v2/runs/type_i/runs/type_i_D03I_Region_soft_j50_i7102_a202_g50/rl_steps.csv,8004b48a091ceb7499998c76eeaff717178f164e938f8f3d2c6681a0e601645b
outputs/diagnostics/d03_v2/runs/type_i/runs/type_i_D03I_Region_soft_j50_i7102_a202_g50/qtable.json,e9fc81add8e906ae9acef0d459dfc2051f488be9cae6a19ae53405b899335f71
outputs/diagnostics/d03_v2/runs/type_i/runs/type_i_D03I_Region_soft_j50_i7102_a202_g50/diagnostic.json,6da10900261ce9cae6e67d5a2bd81ad034e5f326704f75c119e24f21c5ba94e3
outputs/diagnostics/d03_v2/runs/type_i/runs/type_i_D03I_Region_soft_j50_i7102_a202_g50/config.json,b61426f276c3ab4e2596c20435da711be89fdbd1d69586cfbd4692e74067ae4d
outputs/diagnostics/d03_v2/runs/type_i/runs/type_i_D03I_Region_soft_j50_i7102_a303_g50/summary.json,863de1ca3c438ac675e07064e3b3abdea90e5629a1c655b5936480139921a833
outputs/diagnostics/d03_v2/runs/type_i/runs/type_i_D03I_Region_soft_j50_i7102_a303_g50/rl_steps.csv,0646b580e7108c991d223df9fd2e014c0186900d94768acb393ff6c9ca325f0c
outputs/diagnostics/d03_v2/runs/type_i/runs/type_i_D03I_Region_soft_j50_i7102_a303_g50/qtable.json,1a38920aa95b7eb9427e184a63885629fd18e8490b2e34a80debe29afb2bc4d6
outputs/diagnostics/d03_v2/runs/type_i/runs/type_i_D03I_Region_soft_j50_i7102_a303_g50/diagnostic.json,3abbb772146ed7fd5dba5a7ce5d1e04efb3f2fbb0d669aa91924dbc13ed5ccc5
outputs/diagnostics/d03_v2/runs/type_i/runs/type_i_D03I_Region_soft_j50_i7102_a303_g50/config.json,dffe79be140ed72a112f44dc5a713b267baf30599bd43caa3b702754fe3d8e4d
outputs/diagnostics/d03_v2/runs/type_i/runs/type_i_D03I_Resource_moderate_j50_i7101_a101_g50/summary.json,b5210e93c5f57e3485062337c551da3287d55849c561f6c57996388747391c6f
outputs/diagnostics/d03_v2/runs/type_i/runs/type_i_D03I_Resource_moderate_j50_i7101_a101_g50/rl_steps.csv,c5cddbfe0b694b80471c84b49244f8c788ea43da5f7f32793c9ec5c0b6e7ca41
outputs/diagnostics/d03_v2/runs/type_i/runs/type_i_D03I_Resource_moderate_j50_i7101_a101_g50/qtable.json,582e7b7d85b50fd8c84962d86814eb80e6d7c4b1140aeeb060ffed47826c2bc8
outputs/diagnostics/d03_v2/runs/type_i/runs/type_i_D03I_Resource_moderate_j50_i7101_a101_g50/diagnostic.json,1bb3538442ab62518d2d4a0fce150f88a425a2cd950512b36ad255468c3d5a06
outputs/diagnostics/d03_v2/runs/type_i/runs/type_i_D03I_Resource_moderate_j50_i7101_a101_g50/config.json,f5f206281fa8dc1284f25537a409f1aca4be3544b6add87c39bf59256f15ccda
outputs/diagnostics/d03_v2/runs/type_i/runs/type_i_D03I_Resource_moderate_j50_i7101_a202_g50/summary.json,ffaf2fa5a464936fe337ea4498088a794d2358329d905eb23e1f27fcc781ee4d
outputs/diagnostics/d03_v2/runs/type_i/runs/type_i_D03I_Resource_moderate_j50_i7101_a202_g50/rl_steps.csv,ef6976edde8bd0f1688bd52dd4891c8b62cfe09bdbc39e555e9bc210e9130143
outputs/diagnostics/d03_v2/runs/type_i/runs/type_i_D03I_Resource_moderate_j50_i7101_a202_g50/qtable.json,d25488ba062af25d510e8757e710e45caea00c175a318b28e2bdc2b5d8e60a2c
outputs/diagnostics/d03_v2/runs/type_i/runs/type_i_D03I_Resource_moderate_j50_i7101_a202_g50/diagnostic.json,443c83862e10a4e5beffde9017c84feae7cba8b4d2bb02f66359ade8a3151d1b
outputs/diagnostics/d03_v2/runs/type_i/runs/type_i_D03I_Resource_moderate_j50_i7101_a202_g50/config.json,58ec88c149a5c4e6e276aaf2d30c9d6d53cb2536058bd3d73a3fae8b340720b8
outputs/diagnostics/d03_v2/runs/type_i/runs/type_i_D03I_Resource_moderate_j50_i7101_a303_g50/summary.json,b57f403c7a96f95e357ec213b4727af4710d3d94d601d150057aba363664adb5
outputs/diagnostics/d03_v2/runs/type_i/runs/type_i_D03I_Resource_moderate_j50_i7101_a303_g50/rl_steps.csv,be78d1bdfb4f57a771b21770d5205cfe5841c1261d333d79da5c4891a0020422
outputs/diagnostics/d03_v2/runs/type_i/runs/type_i_D03I_Resource_moderate_j50_i7101_a303_g50/qtable.json,04973f834747d61782fa486f034f46cbbfc8d86ef1a4452e7628f5f540a51233
outputs/diagnostics/d03_v2/runs/type_i/runs/type_i_D03I_Resource_moderate_j50_i7101_a303_g50/diagnostic.json,120d43a8ee6d891c32f258ee38a544781a205f95ba3e71a858c9f9612b9e1f13
outputs/diagnostics/d03_v2/runs/type_i/runs/type_i_D03I_Resource_moderate_j50_i7101_a303_g50/config.json,323635133b51ff3f5c84dee17109b9ed1cb9442d1744616da85d93d4a6386cd0
outputs/diagnostics/d03_v2/runs/type_i/runs/type_i_D03I_Resource_moderate_j50_i7102_a101_g50/summary.json,f5eabaea22f1fe26cb6e3648b24f3ccc98aabcde49671c664da5e951ef53c987
outputs/diagnostics/d03_v2/runs/type_i/runs/type_i_D03I_Resource_moderate_j50_i7102_a101_g50/rl_steps.csv,543868c6b9e03403612cd0ea3871831cafcebc30a2fef6ad2ea09f80f3988a88
outputs/diagnostics/d03_v2/runs/type_i/runs/type_i_D03I_Resource_moderate_j50_i7102_a101_g50/qtable.json,af79aef77e296efad2a1fb5097877df96931dba17d69450afc829226bbb91dd7
outputs/diagnostics/d03_v2/runs/type_i/runs/type_i_D03I_Resource_moderate_j50_i7102_a101_g50/diagnostic.json,e8e99f21fc7ad6323b913a0af2ef0e350a1c8ef621ef4c8c86346c84e648c2ec
outputs/diagnostics/d03_v2/runs/type_i/runs/type_i_D03I_Resource_moderate_j50_i7102_a101_g50/config.json,fae9d760f68e39eea74f77eeb19581f76a9f32b9688b754bd78217d3e4890c2b
outputs/diagnostics/d03_v2/runs/type_i/runs/type_i_D03I_Resource_moderate_j50_i7102_a202_g50/summary.json,92cc58fee086ccf0e17e745436fcb9bff8e15d6fe665c14b8b1b9475c88eb2d1
outputs/diagnostics/d03_v2/runs/type_i/runs/type_i_D03I_Resource_moderate_j50_i7102_a202_g50/rl_steps.csv,b3e44c869a5c3b5b1737961268056b5b0a9b203b41d1246186aa5c2f9c720e3e
outputs/diagnostics/d03_v2/runs/type_i/runs/type_i_D03I_Resource_moderate_j50_i7102_a202_g50/qtable.json,cdf6399d99f5e9786f4c79e7a222ca428cc6e1c3950db63b599a2ae846ae5cec
outputs/diagnostics/d03_v2/runs/type_i/runs/type_i_D03I_Resource_moderate_j50_i7102_a202_g50/diagnostic.json,54d14c36bf7a9dce9e0e583a60e329be2a0844fc0955614158a4cb16ce98d443
outputs/diagnostics/d03_v2/runs/type_i/runs/type_i_D03I_Resource_moderate_j50_i7102_a202_g50/config.json,bc391cb7f7f4b52b04ebe1b6a0f99cd38e1914e163f937dc58b9576849b12b79
outputs/diagnostics/d03_v2/runs/type_i/runs/type_i_D03I_Resource_moderate_j50_i7102_a303_g50/summary.json,94d49faee72c51798ec8a1f7dd97d9628262f5a59e416c2adc836bc887c73388
outputs/diagnostics/d03_v2/runs/type_i/runs/type_i_D03I_Resource_moderate_j50_i7102_a303_g50/rl_steps.csv,c4132de9af45cc98f92fe97b7060afeab99df8875bcbdc4be6d353b3c8429383
outputs/diagnostics/d03_v2/runs/type_i/runs/type_i_D03I_Resource_moderate_j50_i7102_a303_g50/qtable.json,df79c2d5559157404f7fe8cd9f00c4c364489f6b537c553eb8a597e5dcb9b85a
outputs/diagnostics/d03_v2/runs/type_i/runs/type_i_D03I_Resource_moderate_j50_i7102_a303_g50/diagnostic.json,5a5d71cb027bb7e42ea37b0e4a54fa87bc798a02156e156a3c8f37e92205b35a
outputs/diagnostics/d03_v2/runs/type_i/runs/type_i_D03I_Resource_moderate_j50_i7102_a303_g50/config.json,b8b889c6623229292b4f6ff3047fc320a4504c7aa5a9b8883d3ca9c0ca89b2d7
outputs/diagnostics/d03_v2/runs/type_i/runs/type_i_D03I_TOU_soft_j50_i7101_a101_g50/summary.json,8a11bbf37f12901b970498b90965dabf2b30409e56eda759cbd848f490b0fa8a
outputs/diagnostics/d03_v2/runs/type_i/runs/type_i_D03I_TOU_soft_j50_i7101_a101_g50/rl_steps.csv,e8fb04d22f2e1c518c8e85a6792e65f9d734f1fe335f69496c771679ab1896b2
outputs/diagnostics/d03_v2/runs/type_i/runs/type_i_D03I_TOU_soft_j50_i7101_a101_g50/qtable.json,4e2673b38268d23a4fe93951e6d44a974658ec2ff41084f129801b16928418fb
outputs/diagnostics/d03_v2/runs/type_i/runs/type_i_D03I_TOU_soft_j50_i7101_a101_g50/diagnostic.json,915235d540bff6040caead2aa6cd29d5c4a755bde38a21b677252b1c85cf83de
outputs/diagnostics/d03_v2/runs/type_i/runs/type_i_D03I_TOU_soft_j50_i7101_a101_g50/config.json,df41712deeaabc393c5b2b923dd5d4864795fe4a7e244f20a7be32d181619f6a
outputs/diagnostics/d03_v2/runs/type_i/runs/type_i_D03I_TOU_soft_j50_i7101_a202_g50/summary.json,b6ed74de03852ac272d8c9c70978fa88885d8ef1496a18429a3ba090aad423d2
outputs/diagnostics/d03_v2/runs/type_i/runs/type_i_D03I_TOU_soft_j50_i7101_a202_g50/rl_steps.csv,e8838517722e4c79a295e0d810fe743d74365b41faee51d4d3d6dc73d22d4bd4
outputs/diagnostics/d03_v2/runs/type_i/runs/type_i_D03I_TOU_soft_j50_i7101_a202_g50/qtable.json,0f6a6715f6c99ad17206aa50b682c19fe4f807f9082af9088d449e487fac218e
outputs/diagnostics/d03_v2/runs/type_i/runs/type_i_D03I_TOU_soft_j50_i7101_a202_g50/diagnostic.json,919b375886393b2875eef727dc70d5ea436da1334fbaabbb6beccc2e08266db7
outputs/diagnostics/d03_v2/runs/type_i/runs/type_i_D03I_TOU_soft_j50_i7101_a202_g50/config.json,3b874396a0b6cb949aff6552f34317e35f3eab4efbcdf3a4940c342331a1ee04
outputs/diagnostics/d03_v2/runs/type_i/runs/type_i_D03I_TOU_soft_j50_i7101_a303_g50/summary.json,edb88db3dff76b4003619dedc9cbba47318c246ad88633721a13e877aa220f79
outputs/diagnostics/d03_v2/runs/type_i/runs/type_i_D03I_TOU_soft_j50_i7101_a303_g50/rl_steps.csv,40d6719eccb8f2db1e531c24e935e22c133a0a01bf6ad363dc8f76ad34ea8017
outputs/diagnostics/d03_v2/runs/type_i/runs/type_i_D03I_TOU_soft_j50_i7101_a303_g50/qtable.json,2589ac43bad68a6e6b668866f568231ac7f1bb638340f79827ff494bc0e438fb
outputs/diagnostics/d03_v2/runs/type_i/runs/type_i_D03I_TOU_soft_j50_i7101_a303_g50/diagnostic.json,7b29c093dac0e4d1bf4413d0363a6dd26cc5061f5c27804f99ac95a3a66f9cfb
outputs/diagnostics/d03_v2/runs/type_i/runs/type_i_D03I_TOU_soft_j50_i7101_a303_g50/config.json,037ac9edc1577b8cf8b66c0eaabc60dc5579b85376a2ce6113decfe9025396c5
outputs/diagnostics/d03_v2/runs/type_i/runs/type_i_D03I_TOU_soft_j50_i7102_a101_g50/summary.json,5b7caf8c3ad9cc3edeab373276c6ca6ed548c891a1caa99844608af98d6b2bdd
outputs/diagnostics/d03_v2/runs/type_i/runs/type_i_D03I_TOU_soft_j50_i7102_a101_g50/rl_steps.csv,982aa86df2900a51250e88836825ef7148798fc801325ff8e23551f8d0b086d4
outputs/diagnostics/d03_v2/runs/type_i/runs/type_i_D03I_TOU_soft_j50_i7102_a101_g50/qtable.json,4538386f3e80108b119b102a52a1d1e77214b4aefcea790ee9c63acc2aa7e8b3
outputs/diagnostics/d03_v2/runs/type_i/runs/type_i_D03I_TOU_soft_j50_i7102_a101_g50/diagnostic.json,73ad57aa51c60173e3ef09f10daa310eb8edcaef5edaf32da96e843f8c46430b
outputs/diagnostics/d03_v2/runs/type_i/runs/type_i_D03I_TOU_soft_j50_i7102_a101_g50/config.json,27f81e9d5c77715fb2aff749b4a068f8f801886eb3ce220a2a2374caaa994267
outputs/diagnostics/d03_v2/runs/type_i/runs/type_i_D03I_TOU_soft_j50_i7102_a202_g50/summary.json,e22512cb1d38fafbcc116bd5f6a40634cfbc29562375907850e7d75198a52de7
outputs/diagnostics/d03_v2/runs/type_i/runs/type_i_D03I_TOU_soft_j50_i7102_a202_g50/rl_steps.csv,6be6b4f2c8f1a035ceffe9e6e125cef534d1d884445c3dd4e714862c457dda67
outputs/diagnostics/d03_v2/runs/type_i/runs/type_i_D03I_TOU_soft_j50_i7102_a202_g50/qtable.json,a8124886104efba3b1b36263f67a282c40c3edce15f3bc602078966b64df4f7e
outputs/diagnostics/d03_v2/runs/type_i/runs/type_i_D03I_TOU_soft_j50_i7102_a202_g50/diagnostic.json,2b045648c72ba30fb7ad5e071f7d880e081e428f84554ed4b11a2ebee642aeb2
outputs/diagnostics/d03_v2/runs/type_i/runs/type_i_D03I_TOU_soft_j50_i7102_a202_g50/config.json,599fdd231ad4429b882a2a9587986162aae8601e85f2e671ca69831efbc68492
outputs/diagnostics/d03_v2/runs/type_i/runs/type_i_D03I_TOU_soft_j50_i7102_a303_g50/summary.json,4056eed3009fe790c1b52521299ad8b80cd89d2ae3938722a5ca3b690c13635a
outputs/diagnostics/d03_v2/runs/type_i/runs/type_i_D03I_TOU_soft_j50_i7102_a303_g50/rl_steps.csv,6b43f72f02d40f842ec34487e37211e077b6900823c8bcba0715a90acbdae754
outputs/diagnostics/d03_v2/runs/type_i/runs/type_i_D03I_TOU_soft_j50_i7102_a303_g50/qtable.json,d4aec34b860bad2fa43508d13c5a17ee46909af58a04a6246e6045208915f60c
outputs/diagnostics/d03_v2/runs/type_i/runs/type_i_D03I_TOU_soft_j50_i7102_a303_g50/diagnostic.json,2937b8279eaab71e0529a2923c0f161dceeb95e212bb6dd62e19402ef9e59bbe
outputs/diagnostics/d03_v2/runs/type_i/runs/type_i_D03I_TOU_soft_j50_i7102_a303_g50/config.json,95fba28f7431b65258716236eac5b5c08648d3a536892a69ead03b4b0602f862
outputs/diagnostics/d03_v2/runs/type_ii/runs/type_ii_D03II_long_long_j50_i8101_a101_g50/summary.json,9a42618ba17ea0840f380e6f6862016bf8f9eb38a4542abfa2b478a0f0a3e572
outputs/diagnostics/d03_v2/runs/type_ii/runs/type_ii_D03II_long_long_j50_i8101_a101_g50/rl_steps.csv,74d7c251138a122acbc77ac1c17c3a2101dcb81e7869535caa2a395b3eaa05d6
outputs/diagnostics/d03_v2/runs/type_ii/runs/type_ii_D03II_long_long_j50_i8101_a101_g50/qtable.json,a409fe355a0805bc836bf6e1b5e2eea90cd26672a90a1be301d57c31208359b9
outputs/diagnostics/d03_v2/runs/type_ii/runs/type_ii_D03II_long_long_j50_i8101_a101_g50/diagnostic.json,753865488359ddd079eb1e0d7cdb087f90d5d576de57eb826f187c2e26e58ba8
outputs/diagnostics/d03_v2/runs/type_ii/runs/type_ii_D03II_long_long_j50_i8101_a101_g50/config.json,044a59fbbd4f222f56498a44d0a7a3e761b1bb3502b8b802de3001d5a99a7b57
outputs/diagnostics/d03_v2/runs/type_ii/runs/type_ii_D03II_long_long_j50_i8101_a202_g50/summary.json,1f58bf2c5baa10bd3f6d41688a299c341fbc40306005935d3c62f7d940edd682
outputs/diagnostics/d03_v2/runs/type_ii/runs/type_ii_D03II_long_long_j50_i8101_a202_g50/rl_steps.csv,42eec28d72b2dae7a0497ce1ff430c136069e763054e3e011bffcdeb9af9e4d4
outputs/diagnostics/d03_v2/runs/type_ii/runs/type_ii_D03II_long_long_j50_i8101_a202_g50/qtable.json,8eb0f335b2038c0a61c3a97831f969e62d2db24594bf448a54110abecb510ccb
outputs/diagnostics/d03_v2/runs/type_ii/runs/type_ii_D03II_long_long_j50_i8101_a202_g50/diagnostic.json,4b1e1a1b678357c2d26ef197ecadfa790950d302568f0a3471bd74167fada0ff
outputs/diagnostics/d03_v2/runs/type_ii/runs/type_ii_D03II_long_long_j50_i8101_a202_g50/config.json,aa22da1c9ee32a3a550392093b97e832f9aabee8668a82693d630bc1142ffe1c
outputs/diagnostics/d03_v2/runs/type_ii/runs/type_ii_D03II_long_long_j50_i8101_a303_g50/summary.json,a323c59eb8c73b32b632740cc42736ae41e30ecfd4fc39722984c8040728e7c5
outputs/diagnostics/d03_v2/runs/type_ii/runs/type_ii_D03II_long_long_j50_i8101_a303_g50/rl_steps.csv,37e09c82864c80bac1e9d60946209857036b6c43fc338f823ea1d8d7c486d055
outputs/diagnostics/d03_v2/runs/type_ii/runs/type_ii_D03II_long_long_j50_i8101_a303_g50/qtable.json,1d42983dc17f51ee76388f727667435531bf5de7e12b36ba77edfeac1daa1419
outputs/diagnostics/d03_v2/runs/type_ii/runs/type_ii_D03II_long_long_j50_i8101_a303_g50/diagnostic.json,595ac83c1079d5b8a306a875bf5c177111841225bbe4f4ab5b016c70575939a5
outputs/diagnostics/d03_v2/runs/type_ii/runs/type_ii_D03II_long_long_j50_i8101_a303_g50/config.json,dfcf539248f41ef1901858721ff7b9c3455b10f17d9170f50c51e14aabd6d1dc
outputs/diagnostics/d03_v2/runs/type_ii/runs/type_ii_D03II_long_long_j50_i8102_a101_g50/summary.json,27477c6c9ca2392b5557f73c26675fb19c35a14e15ac6076d62fb0406db880b0
outputs/diagnostics/d03_v2/runs/type_ii/runs/type_ii_D03II_long_long_j50_i8102_a101_g50/rl_steps.csv,c143e664db7e7cbe697a35cc82bddefcb25f845eaadc8c38db99d39c062bce10
outputs/diagnostics/d03_v2/runs/type_ii/runs/type_ii_D03II_long_long_j50_i8102_a101_g50/qtable.json,94c81618cd9eced7c7d9592b13edd3ecdb0f7dbe420d535db29069c6203fff97
outputs/diagnostics/d03_v2/runs/type_ii/runs/type_ii_D03II_long_long_j50_i8102_a101_g50/diagnostic.json,96e01b554edfeaab3d80562872049601e99cffbe0b2efa42fc50c694ffa75f41
outputs/diagnostics/d03_v2/runs/type_ii/runs/type_ii_D03II_long_long_j50_i8102_a101_g50/config.json,7eb36254a08d83bd68773f5c6f1f486e526865f342ad7347cc5913ca66b38342
outputs/diagnostics/d03_v2/runs/type_ii/runs/type_ii_D03II_long_long_j50_i8102_a202_g50/summary.json,c0a4c39b9f4cbc5d3bc95eaa66b0e140f1df043a8baac3642f96cb198bc926b9
outputs/diagnostics/d03_v2/runs/type_ii/runs/type_ii_D03II_long_long_j50_i8102_a202_g50/rl_steps.csv,db7a2a9777bd4113ba1d086314ff430746dbf506f0da0166daef98a4d15faf2c
outputs/diagnostics/d03_v2/runs/type_ii/runs/type_ii_D03II_long_long_j50_i8102_a202_g50/qtable.json,026d1347ac520d7fc8815691640439f350641d10924ed129f953da7550f144b9
outputs/diagnostics/d03_v2/runs/type_ii/runs/type_ii_D03II_long_long_j50_i8102_a202_g50/diagnostic.json,8eb9340cfeb082373ae81fd325e6a631a555089c6184d7fcb385b2de3f11a6eb
outputs/diagnostics/d03_v2/runs/type_ii/runs/type_ii_D03II_long_long_j50_i8102_a202_g50/config.json,538e69b224a22e9ffb4a7c06589d8b32c1b08f160893a1d898aee9489e34a3fb
outputs/diagnostics/d03_v2/runs/type_ii/runs/type_ii_D03II_long_long_j50_i8102_a303_g50/summary.json,ff9e21c2324fae642e58b8ba878039ab413242b8988ba887afe82b5b2cc395a1
outputs/diagnostics/d03_v2/runs/type_ii/runs/type_ii_D03II_long_long_j50_i8102_a303_g50/rl_steps.csv,ad447994b7ffa8ba8ede3f0d6c55d9749cd1356fa7437797fac2ac7051448202
outputs/diagnostics/d03_v2/runs/type_ii/runs/type_ii_D03II_long_long_j50_i8102_a303_g50/qtable.json,4f06e80c345c042656d260b622c9b768f1928367a39fed0469d9f000c21985d8
outputs/diagnostics/d03_v2/runs/type_ii/runs/type_ii_D03II_long_long_j50_i8102_a303_g50/diagnostic.json,aef9a81593d2f8707f1065d79f09dfc9aad301e78451e0056729b98e7414d1ac
outputs/diagnostics/d03_v2/runs/type_ii/runs/type_ii_D03II_long_long_j50_i8102_a303_g50/config.json,5a76aa7a3d8a00b0da4eb23ea5436930e055bbf9e2cff2a05d89f2e52b2b7ac1
outputs/diagnostics/d03_v2/runs/type_ii/runs/type_ii_D03II_long_long_j50_i8103_a101_g50/summary.json,fe34bbd508970c5a67e44d177be6e11cd54f070b8419b928108254dc3959297f
outputs/diagnostics/d03_v2/runs/type_ii/runs/type_ii_D03II_long_long_j50_i8103_a101_g50/rl_steps.csv,529f23209281c700c96c22a437855ab5feea80e271a76f73a3a401fa7c73f83f
outputs/diagnostics/d03_v2/runs/type_ii/runs/type_ii_D03II_long_long_j50_i8103_a101_g50/qtable.json,99fda5527b75666da0a0ae6f331a331a7ae5749455b2a9ea7ea4959ea6f68723
outputs/diagnostics/d03_v2/runs/type_ii/runs/type_ii_D03II_long_long_j50_i8103_a101_g50/diagnostic.json,701fbcde7344d7df35dcfb159cac1520ae02ebdbbd3401e14ede1394a02e399b
outputs/diagnostics/d03_v2/runs/type_ii/runs/type_ii_D03II_long_long_j50_i8103_a101_g50/config.json,d87dbc7b091044bf11452a162d1be52421f793c70a98e4ea0cf38fe028adcec3
outputs/diagnostics/d03_v2/runs/type_ii/runs/type_ii_D03II_long_long_j50_i8103_a202_g50/summary.json,f6fd071ddabd595e531e6f57c5c5484eebc6f1ec979e56289ea08e1a97918179
outputs/diagnostics/d03_v2/runs/type_ii/runs/type_ii_D03II_long_long_j50_i8103_a202_g50/rl_steps.csv,db0f934036f15aa312cfb221a73fede06e357d58107717d5ac6751cb4f794638
outputs/diagnostics/d03_v2/runs/type_ii/runs/type_ii_D03II_long_long_j50_i8103_a202_g50/qtable.json,f8c55f7a2490b45355ee7ba54426244ef0d99943c1e3032e1a8b3e8fd0c7f7ac
outputs/diagnostics/d03_v2/runs/type_ii/runs/type_ii_D03II_long_long_j50_i8103_a202_g50/diagnostic.json,685bc0ca5e778e6003f167cd0dc54929505d23bc85c4b6939c887bc724a968e2
outputs/diagnostics/d03_v2/runs/type_ii/runs/type_ii_D03II_long_long_j50_i8103_a202_g50/config.json,98be83dd698913ae854e6855a9c9975d481a32d36f1a4ee5a9c49f58ca481643
outputs/diagnostics/d03_v2/runs/type_ii/runs/type_ii_D03II_long_long_j50_i8103_a303_g50/summary.json,72b6bad5fc241467b8a575c5e3c958cedf4836e9170edd5b811cc83eec41c121
outputs/diagnostics/d03_v2/runs/type_ii/runs/type_ii_D03II_long_long_j50_i8103_a303_g50/rl_steps.csv,301aae69fffaad0047516256fda5629628d04c0564cf5a5929113ca6c8fceab4
outputs/diagnostics/d03_v2/runs/type_ii/runs/type_ii_D03II_long_long_j50_i8103_a303_g50/qtable.json,2b841f93738c21abce30c5d23cc0475487306f5011a397787415579a4fb38ee5
outputs/diagnostics/d03_v2/runs/type_ii/runs/type_ii_D03II_long_long_j50_i8103_a303_g50/diagnostic.json,b70fe92559026b76bd997cf6c45e9726520d705d4042a4c4a09d113c2eb0d55f
outputs/diagnostics/d03_v2/runs/type_ii/runs/type_ii_D03II_long_long_j50_i8103_a303_g50/config.json,62d461dc80d112edbc654b6d55c7e36d842de580792fb4003f1f973486e5fe33
outputs/diagnostics/d03_v2/runs/type_ii/runs/type_ii_D03II_long_long_j50_i8104_a101_g50/summary.json,e1faa312d6887c868915bb05bc3440d5be2b25fddaf3bfcaafd3611a9832bbe1
outputs/diagnostics/d03_v2/runs/type_ii/runs/type_ii_D03II_long_long_j50_i8104_a101_g50/rl_steps.csv,acd009d2d067280f8fb6e70844c1ed6b60464605fa7d439961c020413083095e
outputs/diagnostics/d03_v2/runs/type_ii/runs/type_ii_D03II_long_long_j50_i8104_a101_g50/qtable.json,df51370d5f75f940473ba40db98842eea712c1870e534d9b464d5532f52ff158
outputs/diagnostics/d03_v2/runs/type_ii/runs/type_ii_D03II_long_long_j50_i8104_a101_g50/diagnostic.json,15fab45db724dcfe47be36078935e26eac6dac35634fd6cf315c8df306b0c13d
outputs/diagnostics/d03_v2/runs/type_ii/runs/type_ii_D03II_long_long_j50_i8104_a101_g50/config.json,97ac3b68f3c2d129aed988f682f9fdbc4e39f8fdebf606549112c2d33ec7e69a
outputs/diagnostics/d03_v2/runs/type_ii/runs/type_ii_D03II_long_long_j50_i8104_a202_g50/summary.json,05d971f4d650c0af2cb4292b8e76fafdae0348e48d414446139c9b10ae9e5d7a
outputs/diagnostics/d03_v2/runs/type_ii/runs/type_ii_D03II_long_long_j50_i8104_a202_g50/rl_steps.csv,a661ea5b97950a79b3f4182559ac485d8853d7330107f51e3032c63db65f39b6
outputs/diagnostics/d03_v2/runs/type_ii/runs/type_ii_D03II_long_long_j50_i8104_a202_g50/qtable.json,68869f491cf3ba8301d363f3f5bd61b6957c5fab9f9e16395013e375eb8f4ce9
outputs/diagnostics/d03_v2/runs/type_ii/runs/type_ii_D03II_long_long_j50_i8104_a202_g50/diagnostic.json,a784b3e2ff68e853d84a15e3d6ce8923a06d8c0bd2c61c9d9e19eac031f7ea14
outputs/diagnostics/d03_v2/runs/type_ii/runs/type_ii_D03II_long_long_j50_i8104_a202_g50/config.json,a490e4ed941da27a148c4a37f9ead1711d021a1aa0e8b1391e9d1c71ff45171b
outputs/diagnostics/d03_v2/runs/type_ii/runs/type_ii_D03II_long_long_j50_i8104_a303_g50/summary.json,1f25504c885daa4423dbd582922e29dfa4bcb7e62ce64a0e49727628d62ec5b4
outputs/diagnostics/d03_v2/runs/type_ii/runs/type_ii_D03II_long_long_j50_i8104_a303_g50/rl_steps.csv,a7d3ac29aaec3e95ae45b8dfb5742ecb1192d266ffa0edd7815c0c8ff2cafc5f
outputs/diagnostics/d03_v2/runs/type_ii/runs/type_ii_D03II_long_long_j50_i8104_a303_g50/qtable.json,8eb0de81c09c5bd0a45aed635e85c0a1c331197d30709a24be1f4c1ab3e7b0f7
outputs/diagnostics/d03_v2/runs/type_ii/runs/type_ii_D03II_long_long_j50_i8104_a303_g50/diagnostic.json,354ab601edfd2a3d0972eb277753d4ec4162178d15744b6b8bda80dd794becfa
outputs/diagnostics/d03_v2/runs/type_ii/runs/type_ii_D03II_long_long_j50_i8104_a303_g50/config.json,a940142325da0cbe2febfbf783af179f9845657d6f62d4fe51f4369850c780f9
outputs/diagnostics/d03_v2/runs/type_ii/runs/type_ii_D03II_long_long_j50_i8105_a101_g50/summary.json,4aea7fc283436106f90651751e3d0978a5809a2eb3d5461b0d2c9f52fc339e9e
outputs/diagnostics/d03_v2/runs/type_ii/runs/type_ii_D03II_long_long_j50_i8105_a101_g50/rl_steps.csv,c6784871c2a1a46c7c4ce8b4ac9d64f7e9cecec1f3b892eb2571127e950b7428
outputs/diagnostics/d03_v2/runs/type_ii/runs/type_ii_D03II_long_long_j50_i8105_a101_g50/qtable.json,ebbfd00be3eef48a764f909ac1f50fcee6add12a2bc6c0979bb4d520711c7be0
outputs/diagnostics/d03_v2/runs/type_ii/runs/type_ii_D03II_long_long_j50_i8105_a101_g50/diagnostic.json,aa393f60db20c99ba1eb476207aa0bff7b0e1a562a39d5902d992086c6ec41a2
outputs/diagnostics/d03_v2/runs/type_ii/runs/type_ii_D03II_long_long_j50_i8105_a101_g50/config.json,b76e772943acfcb4a221a7951eacf98f1b4690a7cdd481be758e11b2bb87c384
outputs/diagnostics/d03_v2/runs/type_ii/runs/type_ii_D03II_long_long_j50_i8105_a202_g50/summary.json,8fa4f42925fcbf8902559fc1ed445013658b5be86da7b278b9e3a81c35989d14
outputs/diagnostics/d03_v2/runs/type_ii/runs/type_ii_D03II_long_long_j50_i8105_a202_g50/rl_steps.csv,b27c2ca8fab2a2c1939ba576e98a893e8ff9f6484984e1366a6942154de7588a
outputs/diagnostics/d03_v2/runs/type_ii/runs/type_ii_D03II_long_long_j50_i8105_a202_g50/qtable.json,e48863642e5748c1f9b91607627bd3f8cf913d46c5c10471a7d9825be481add2
outputs/diagnostics/d03_v2/runs/type_ii/runs/type_ii_D03II_long_long_j50_i8105_a202_g50/diagnostic.json,cb07d8452acfa64d09c9da5d82ff29f05681a2fcb740e3eec2d29bb33995662a
outputs/diagnostics/d03_v2/runs/type_ii/runs/type_ii_D03II_long_long_j50_i8105_a202_g50/config.json,28cbc3d3f1fb0fe9564b6d8485c765e08c94dbc3626d96204f659404db8208b8
outputs/diagnostics/d03_v2/runs/type_ii/runs/type_ii_D03II_long_long_j50_i8105_a303_g50/summary.json,343dca8da430fe036855655cc9b6df7402840aa2d04982513fe22a17882eddd4
outputs/diagnostics/d03_v2/runs/type_ii/runs/type_ii_D03II_long_long_j50_i8105_a303_g50/rl_steps.csv,433d417ceb44861c8c06a39840bbaa7426c58996e32437312b79e4fe89de0e37
outputs/diagnostics/d03_v2/runs/type_ii/runs/type_ii_D03II_long_long_j50_i8105_a303_g50/qtable.json,bb43d2e6e8519e4619c35bdfdb741648d03b24b670287c956cb157ee3460512c
outputs/diagnostics/d03_v2/runs/type_ii/runs/type_ii_D03II_long_long_j50_i8105_a303_g50/diagnostic.json,cf384db6c8cce41ea1c62f71aa50432830ecef1ad5b1d3e6b4b16167ad509c11
outputs/diagnostics/d03_v2/runs/type_ii/runs/type_ii_D03II_long_long_j50_i8105_a303_g50/config.json,4dab6aecad17317c4f23d10bf1ef69302e81399af3257038225b207f7d66322f
