suite,state,action,n,positive,success,reward,no_feasible
D03-I,0,A1,295,32,0.10847457627118644,0.12040314451121908,0.0
D03-I,0,A2,138,15,0.10869565217391304,0.13223749363889206,0.0
D03-I,0,A3,151,14,0.09271523178807947,0.2986461372859852,0.0
D03-I,0,A4,188,18,0.09574468085106383,0.07214104615073019,0.0425531914893617
D03-I,0,A5,79,4,0.05063291139240506,-0.23570604556871108,0.25316455696202533
D03-I,0,A6,70,0,0.0,0.0,0.0
D03-I,0,A7,521,139,0.2667946257197697,1.0035133550515154,0.04222648752399232
D03-I,0,A8,35,0,0.0,-0.8,0.8
D03-I,1,A1,282,23,0.08156028368794327,0.17484806590756824,0.0
D03-I,1,A2,372,45,0.12096774193548387,0.17864902364122498,0.0
D03-I,1,A3,405,31,0.07654320987654321,0.16602083895121103,0.0
D03-I,1,A4,263,17,0.06463878326996197,0.042068470337519905,0.10646387832699619
D03-I,1,A5,245,16,0.0653061224489796,0.054816487448630775,0.1673469387755102
D03-I,1,A6,196,0,0.0,0.0,0.0
D03-I,1,A7,1964,454,0.23116089613034624,0.6603105128703365,0.01120162932790224
D03-I,1,A8,92,5,0.05434782608695652,-0.2188575319776138,0.5869565217391305
D03-I,2,A1,941,300,0.3188097768331562,1.4809143158550429,0.0
D03-I,2,A2,789,240,0.3041825095057034,1.392699591542863,0.0
D03-I,2,A3,676,165,0.2440828402366864,1.6079416554417085,0.0
D03-I,2,A4,739,160,0.2165087956698241,0.8119076882934777,0.0
D03-I,2,A5,759,151,0.19894598155467721,0.925712761199776,0.0
D03-I,2,A6,336,19,0.05654761904761905,0.2743538312514301,0.0
D03-I,2,A7,1056,593,0.5615530303030303,0.7714092507009074,0.14867424242424243
D03-I,2,A8,189,17,0.08994708994708994,-0.17508706360419288,0.7301587301587301
D03-I,3,A1,1252,179,0.14297124600638977,0.4342573347425826,0.0
D03-I,3,A2,973,96,0.0986639260020555,0.2888745507159256,0.0
D03-I,3,A3,671,35,0.05216095380029806,0.19227152308259798,0.0
D03-I,3,A4,784,64,0.08163265306122448,0.27977995784839177,0.0
D03-I,3,A5,987,98,0.09929078014184398,0.28936766510534045,0.0
D03-I,3,A6,397,0,0.0,0.0,0.0
D03-I,3,A7,1787,883,0.4941242305540011,0.4699482519953061,0.14493564633463907
D03-I,3,A8,164,9,0.054878048780487805,-0.41673490191016366,0.8048780487804879
D03-I,4,A1,5,1,0.2,0.36553524606368415,0.0
D03-I,4,A2,4,3,0.75,7.5,0.0
D03-I,4,A5,3,0,0.0,-1.0,1.0
D03-I,4,A7,15,4,0.26666666666666666,1.2073627263260966,0.0
D03-I,4,A8,1,0,0.0,0.0,0.0
D03-I,5,A2,13,7,0.5384615384615384,2.6099754648438958,0.0
D03-I,6,A1,4141,426,0.10287370200434677,0.36200008945773915,0.0
D03-I,6,A2,4784,592,0.12374581939799331,0.5693466557169127,0.0
D03-I,6,A3,3041,137,0.045050970075633016,0.2488389043200793,0.0
D03-I,6,A4,871,16,0.018369690011481057,-0.594838941101647,0.642939150401837
D03-I,6,A5,751,2,0.002663115845539281,-0.9865084409946141,0.9893475366178429
D03-I,6,A6,3659,387,0.10576660289696638,0.5298185224231811,0.0
D03-I,6,A7,11809,3247,0.274959776441697,1.02899717460814,0.0020323482089931407
D03-I,6,A8,1249,110,0.08807045636509207,0.273016936645172,0.28582866293034426
D03-I,7,A1,3510,118,0.03361823361823362,0.09229601028810176,0.0
D03-I,7,A2,4849,267,0.055062899566921016,0.2904214928925177,0.0
D03-I,7,A3,2832,15,0.005296610169491525,0.044383838428416325,0.0
D03-I,7,A4,498,0,0.0,-0.6927710843373494,0.6927710843373494
D03-I,7,A5,416,1,0.002403846153846154,-0.987746247655778,0.9879807692307693
D03-I,7,A6,2815,31,0.011012433392539964,0.0807384962878958,0.0
D03-I,7,A7,8898,1636,0.18386154191953247,0.5980127672360329,0.013486176668914362
D03-I,7,A8,646,10,0.015479876160990712,-0.29088876793658686,0.3653250773993808
D03-I,8,A1,1271,252,0.1982690794649882,0.9073988246721039,0.0
D03-I,8,A2,1525,219,0.1436065573770492,0.6352035827934694,0.0
D03-I,8,A3,922,100,0.10845986984815618,0.553243849662247,0.0
D03-I,8,A4,543,33,0.06077348066298342,0.21389062210440396,0.09023941068139964
D03-I,8,A5,239,1,0.0041841004184100415,-0.9403979165620213,0.9497907949790795
D03-I,8,A6,797,88,0.11041405269761606,0.6313130929018929,0.0
D03-I,8,A7,2767,977,0.35308998915793277,0.8558248950034938,0.0748102638236357
D03-I,8,A8,267,8,0.0299625468164794,-0.35111755378306164,0.6142322097378277
D03-I,9,A1,1746,96,0.054982817869415807,0.1612543130504642,0.0
D03-I,9,A2,1812,136,0.07505518763796909,0.299131970080752,0.0
D03-I,9,A3,1085,33,0.030414746543778803,0.13301138335653484,0.0
D03-I,9,A4,395,5,0.012658227848101266,-0.054600274249193295,0.10632911392405063
D03-I,9,A5,148,0,0.0,-0.9797297297297297,0.9797297297297297
D03-I,9,A6,944,10,0.01059322033898305,0.04906753193989864,0.0
D03-I,9,A7,2016,515,0.2554563492063492,0.4387389023146236,0.07837301587301587
D03-I,9,A8,173,5,0.028901734104046242,-0.5647759869295941,0.6589595375722543
D03-I,10,A1,2800,570,0.20357142857142857,0.5429707933703161,0.0
D03-I,10,A2,3334,766,0.22975404919016196,1.054281891842753,0.0
D03-I,10,A3,3111,445,0.14304082288653167,0.6065932486278925,0.0
D03-I,10,A4,1080,267,0.24722222222222223,0.1404266441231534,0.2916666666666667
D03-I,10,A5,752,81,0.1077127659574468,-0.317538312593737,0.4946808510638298
D03-I,10,A6,2590,289,0.11158301158301158,0.6704822809612686,0.0
D03-I,10,A7,3186,524,0.16446955430006277,0.6079447642550241,0.05681104833647207
D03-I,10,A8,604,31,0.05132450331125828,-0.08069568823622456,0.3228476821192053
D03-I,11,A1,2632,302,0.11474164133738601,0.1766466400017546,0.0
D03-I,11,A2,2381,204,0.08567828643427132,0.20679059080649875,0.0
D03-I,11,A3,2193,131,0.05973552211582307,0.16276022150148525,0.0
D03-I,11,A4,916,129,0.1408296943231441,0.09717386324749776,0.1331877729257642
D03-I,11,A5,535,51,0.09532710280373832,-0.16681354827969944,0.27289719626168224
D03-I,11,A6,1681,16,0.009518143961927425,0.029224412242458853,0.0
D03-I,11,A7,2363,286,0.12103258569614897,0.3941784192517517,0.10156580617858654
D03-I,11,A8,428,39,0.0911214953271028,-0.02981963089478006,0.37850467289719625
D03-I,12,A1,956,80,0.08368200836820083,0.3901056729804031,0.0
D03-I,12,A2,1473,371,0.25186693822131706,1.7099573992789499,0.0
D03-I,12,A3,1090,146,0.13394495412844037,0.9211823631743661,0.0
D03-I,12,A4,267,0,0.0,-0.9101123595505618,0.9101123595505618
D03-I,12,A5,248,0,0.0,-1.0,1.0
D03-I,12,A6,990,96,0.09696969696969697,0.7489122250869293,0.0
D03-I,12,A7,1966,591,0.30061037639877924,1.681305047750639,0.0
D03-I,12,A8,567,56,0.09876543209876543,0.7577195683554792,0.059964726631393295
D03-I,13,A1,525,20,0.0380952380952381,0.09571752948779534,0.0
D03-I,13,A2,456,17,0.03728070175438596,0.19418692294369921,0.0
D03-I,13,A3,373,21,0.05630026809651475,0.45998552945627064,0.0
D03-I,13,A4,68,0,0.0,-0.8823529411764706,0.8823529411764706
D03-I,13,A5,78,0,0.0,-1.0,1.0
D03-I,13,A6,368,5,0.01358695652173913,0.11609445025926993,0.0
D03-I,13,A7,1207,350,0.2899751449875725,1.1484879331369142,0.0
D03-I,13,A8,236,2,0.00847457627118644,-0.032738523936992885,0.08898305084745763
D03-I,14,A1,5,0,0.0,0.0,0.0
D03-I,14,A3,1,0,0.0,0.0,0.0
D03-I,14,A4,4,0,0.0,-0.25,0.25
D03-I,14,A5,2,0,0.0,-0.5,0.5
D03-I,14,A6,11,0,0.0,0.0,0.0
D03-I,14,A7,92,33,0.358695652173913,0.8574928288425391,0.0
D03-I,14,A8,5,0,0.0,-0.6,0.6
D03-I,15,A1,37,0,0.0,0.0,0.0
D03-I,15,A2,11,0,0.0,0.0,0.0
D03-I,15,A3,24,0,0.0,0.0,0.0
D03-I,15,A4,6,0,0.0,-0.16666666666666666,0.16666666666666666
D03-I,15,A5,7,0,0.0,-1.0,1.0
D03-I,15,A6,20,0,0.0,0.0,0.0
D03-I,15,A7,318,103,0.3238993710691824,0.8659873186382089,0.0
D03-I,15,A8,5,0,0.0,-0.6,0.6
D03-I,16,A1,1198,464,0.38731218697829717,1.4969011882580365,0.0
D03-I,16,A2,806,270,0.3349875930521092,1.2923293749644773,0.0
D03-I,16,A3,556,137,0.24640287769784172,1.2903131387421851,0.0
D03-I,16,A4,611,173,0.28314238952536824,1.197789937222815,0.0
D03-I,16,A5,894,262,0.2930648769574944,0.9759389795460616,0.0011185682326621924
D03-I,16,A6,422,77,0.18246445497630331,1.2031678452697099,0.0
D03-I,16,A7,1155,490,0.42424242424242425,1.2215225496373565,0.09264069264069263
D03-I,16,A8,258,40,0.15503875968992248,0.6457654567831195,0.4496124031007752
D03-I,17,A1,959,187,0.19499478623566216,0.5656358828234734,0.0
D03-I,17,A2,764,143,0.18717277486910994,0.5306293740530238,0.0
D03-I,17,A3,432,29,0.06712962962962964,0.28611688113061673,0.0
D03-I,17,A4,466,46,0.09871244635193133,0.3469517280295967,0.0
D03-I,17,A5,654,117,0.17889908256880735,0.5998412649543245,0.0
D03-I,17,A6,265,3,0.011320754716981131,0.06469069295695493,0.0
D03-I,17,A7,1162,388,0.33390705679862304,0.7011688237013227,0.07228915662650602
D03-I,17,A8,127,9,0.07086614173228346,-0.18318339566358546,0.5826771653543307
D03-I,18,A1,106,25,0.2358490566037736,1.2487026139725508,0.0
D03-I,18,A2,404,212,0.5247524752475248,3.7014318144380196,0.0
D03-I,18,A3,192,28,0.14583333333333334,0.509083893098434,0.0
D03-I,18,A4,51,0,0.0,-0.8627450980392157,0.8627450980392157
D03-I,18,A5,58,0,0.0,-1.0,1.0
D03-I,18,A6,95,11,0.11578947368421053,0.9025660871868338,0.0
D03-I,18,A7,657,235,0.3576864535768645,1.9514172689739133,0.0
D03-I,18,A8,123,28,0.22764227642276422,1.5093234855333038,0.14634146341463414
D03-I,19,A1,34,1,0.029411764705882353,0.29411764705882354,0.0
D03-I,19,A2,102,18,0.17647058823529413,0.9689712649576728,0.0
D03-I,19,A3,69,5,0.07246376811594203,0.383172005183968,0.0
D03-I,19,A4,23,0,0.0,-0.9130434782608695,0.9130434782608695
D03-I,19,A5,33,0,0.0,-1.0,1.0
D03-I,19,A6,28,0,0.0,0.0,0.0
D03-I,19,A7,428,118,0.2757009345794392,1.180106402476539,0.0
D03-I,19,A8,110,19,0.17272727272727273,0.930963628993727,0.12727272727272726
D03-I,20,A1,2325,501,0.21548387096774194,0.8460887853576964,0.0
D03-I,20,A2,3168,656,0.20707070707070707,1.1608398719722786,0.0
D03-I,20,A3,1541,121,0.07852044127190136,0.38477424712792363,0.0
D03-I,20,A4,1389,194,0.1396688264938805,0.20031070159034992,0.12095032397408208
D03-I,20,A5,509,60,0.11787819253438114,-0.4495114083931834,0.650294695481336
D03-I,20,A6,1484,174,0.11725067385444744,0.7212838319452148,0.0
D03-I,20,A7,3086,772,0.25016202203499677,0.6996779355608258,0.034024627349319506
D03-I,20,A8,696,75,0.10775862068965517,0.49834990656716194,0.35919540229885055
D03-I,21,A1,3074,290,0.09433962264150944,0.26656232732623386,0.0
D03-I,21,A2,2907,201,0.06914344685242518,0.2912822165410038,0.0
D03-I,21,A3,1663,23,0.013830426939266387,0.06452817005252079,0.0
D03-I,21,A4,1694,124,0.07319952774498228,0.1165662385951604,0.04604486422668241
D03-I,21,A5,848,73,0.08608490566037735,-0.12567966201162392,0.25235849056603776
D03-I,21,A6,1629,30,0.01841620626151013,0.09796336132788183,0.0
D03-I,21,A7,4097,570,0.13912618989504516,0.27591594993579477,0.020258725896997804
D03-I,21,A8,437,16,0.036613272311212815,-0.3006940356993912,0.5240274599542334
D03-I,22,A1,813,286,0.35178351783517836,2.117688490184424,0.0
D03-I,22,A2,514,79,0.15369649805447472,0.9249720646645601,0.0
D03-I,22,A3,548,102,0.18613138686131386,1.1919647419031751,0.0
D03-I,22,A4,416,60,0.14423076923076922,0.6849479882464802,0.0
D03-I,22,A5,134,2,0.014925373134328358,-0.8497251707244262,0.8731343283582089
D03-I,22,A6,356,43,0.12078651685393259,0.8550129039620019,0.0
D03-I,22,A7,1665,748,0.44924924924924925,1.2920722743563684,0.02882882882882883
D03-I,22,A8,193,20,0.10362694300518134,0.1410864939660723,0.6269430051813472
D03-I,23,A1,701,58,0.08273894436519258,0.4370380664234395,0.0
D03-I,23,A2,475,22,0.04631578947368421,0.19400039522541251,0.0
D03-I,23,A3,408,11,0.02696078431372549,0.19619095268299191,0.0
D03-I,23,A4,469,27,0.057569296375266525,0.32299872446396954,0.0
D03-I,23,A5,76,0,0.0,-0.9605263157894737,0.9605263157894737
D03-I,23,A6,425,10,0.023529411764705882,0.1349751332405744,0.0
D03-I,23,A7,1622,507,0.312577065351418,0.8403842913210069,0.02096177558569667
D03-I,23,A8,107,10,0.09345794392523364,-0.0389660542521286,0.5981308411214953
D03-I,24,A1,1248,384,0.3076923076923077,0.7821720955640751,0.0
D03-I,24,A2,1250,382,0.3056,1.2839785682158824,0.0
D03-I,24,A3,530,101,0.19056603773584907,0.7530030948498773,0.0
D03-I,24,A4,862,213,0.2470997679814385,0.5556038255298973,0.048723897911832945
D03-I,24,A5,523,84,0.16061185468451242,0.2768530206139498,0.0841300191204589
D03-I,24,A6,604,142,0.23509933774834438,1.5930281847234185,0.0
D03-I,24,A7,621,155,0.249597423510467,1.1036175441451777,0.22544283413848631
D03-I,24,A8,222,35,0.15765765765765766,0.5793981984092713,0.3783783783783784
D03-I,25,A1,984,187,0.19004065040650406,0.3980036384989518,0.0
D03-I,25,A2,1111,175,0.15751575157515751,0.4364628597173004,0.0
D03-I,25,A3,293,6,0.020477815699658702,0.041402602544479035,0.0
D03-I,25,A4,796,132,0.1658291457286432,0.3064143823718826,0.008793969849246231
D03-I,25,A5,511,52,0.10176125244618395,0.19438650045016662,0.019569471624266144
D03-I,25,A6,336,8,0.023809523809523808,0.170907929370372,0.0
D03-I,25,A7,588,87,0.14795918367346939,0.26315563351521565,0.32653061224489793
D03-I,25,A8,75,1,0.013333333333333334,-0.6764256006169314,0.72
D03-I,26,A1,102,22,0.21568627450980393,1.0427529716263138,0.0
D03-I,26,A2,206,78,0.3786407766990291,2.4354489819443508,0.0
D03-I,26,A3,186,36,0.1935483870967742,1.4268088619371349,0.0
D03-I,26,A4,36,0,0.0,-1.0,1.0
D03-I,26,A5,45,0,0.0,-1.0,1.0
D03-I,26,A6,259,69,0.26640926640926643,2.128273125291681,0.0
D03-I,26,A7,291,64,0.21993127147766323,1.1849446574185662,0.0
D03-I,26,A8,67,6,0.08955223880597014,0.6001706456701644,0.14925373134328357
D03-I,27,A1,45,7,0.15555555555555556,0.4761564038907556,0.0
D03-I,27,A2,70,11,0.15714285714285714,1.060409141905311,0.0
D03-I,27,A3,87,2,0.022988505747126436,0.19895556250348057,0.0
D03-I,27,A4,19,0,0.0,-0.8947368421052632,0.8947368421052632
D03-I,27,A5,20,0,0.0,-1.0,1.0
D03-I,27,A6,58,1,0.017241379310344827,0.02621590284149096,0.0
D03-I,27,A7,722,182,0.2520775623268698,0.910063083360989,0.0
D03-I,27,A8,29,0,0.0,-0.4482758620689655,0.4482758620689655
D03-I,28,A4,1,0,0.0,0.0,0.0
D03-I,28,A6,1,0,0.0,0.0,0.0
D03-I,28,A7,6,4,0.6666666666666666,6.666666666666667,0.0
D03-I,29,A5,1,0,0.0,-1.0,1.0
D03-I,29,A8,4,2,0.5,5.0,0.0
D03-I,30,A1,971,301,0.309989701338826,1.288632586665865,0.0
D03-I,30,A2,730,221,0.30273972602739724,1.0721251098697544,0.0
D03-I,30,A3,444,35,0.07882882882882883,0.3559157036063566,0.0
D03-I,30,A4,729,213,0.29218106995884774,1.363546272305221,0.0
D03-I,30,A5,1242,404,0.3252818035426731,1.133218870463929,0.0024154589371980675
D03-I,30,A6,368,53,0.14402173913043478,1.254011894953726,0.0
D03-I,30,A7,817,167,0.204406364749082,1.2443731398360043,0.033047735618115054
D03-I,30,A8,200,20,0.1,0.34458237138037745,0.6
D03-I,31,A1,1124,170,0.1512455516014235,0.3695841392002538,0.0
D03-I,31,A2,893,134,0.15005599104143338,0.43575447032722786,0.0
D03-I,31,A3,426,8,0.018779342723004695,0.061360508843708604,0.0
D03-I,31,A4,827,105,0.12696493349455865,0.4545029251903186,0.0
D03-I,31,A5,859,165,0.1920838183934808,0.5546941725566954,0.0
D03-I,31,A6,344,14,0.040697674418604654,0.29208299413691896,0.0
D03-I,31,A7,1118,130,0.11627906976744186,0.58618346779444,0.018783542039355994
D03-I,31,A8,153,12,0.0784313725490196,-0.12101298389395734,0.7058823529411765
D03-I,32,A1,184,65,0.3532608695652174,2.2277960844155023,0.0
D03-I,32,A2,283,106,0.3745583038869258,2.611193585509268,0.0
D03-I,32,A3,107,13,0.12149532710280374,0.7019086723978308,0.0
D03-I,32,A4,63,0,0.0,-0.8095238095238095,0.8095238095238095
D03-I,32,A5,58,0,0.0,-1.0,1.0
D03-I,32,A6,197,73,0.37055837563451777,2.6600824341289333,0.0
D03-I,32,A7,482,240,0.4979253112033195,4.044227955871049,0.0
D03-I,32,A8,180,76,0.4222222222222222,3.4670923041026143,0.18333333333333332
D03-I,33,A1,22,2,0.09090909090909091,0.4470938834639416,0.0
D03-I,33,A2,35,8,0.22857142857142856,1.7403124884900742,0.0
D03-I,33,A3,15,2,0.13333333333333333,1.0235478747019784,0.0
D03-I,33,A4,23,0,0.0,-0.8260869565217391,0.8260869565217391
D03-I,33,A5,12,0,0.0,-1.0,1.0
D03-I,33,A6,37,1,0.02702702702702703,0.25045011552791624,0.0
D03-I,33,A7,226,99,0.43805309734513276,3.472880712956766,0.0
D03-I,33,A8,53,23,0.4339622641509434,3.5270037659302518,0.3018867924528302
D03-I,34,A1,2905,866,0.2981067125645439,1.407063099270373,0.0
D03-I,34,A2,3143,913,0.29048679605472477,1.7321475064151965,0.0
D03-I,34,A3,1305,75,0.05747126436781609,0.3286972194332569,0.0
D03-I,34,A4,1679,355,0.2114353782013103,0.7740359817162361,0.053007742703990474
D03-I,34,A5,772,118,0.15284974093264247,0.08150001352338364,0.37823834196891193
D03-I,34,A6,1364,93,0.06818181818181818,0.5181983701180288,0.0
D03-I,34,A7,2254,580,0.2573203194321207,1.2545490558155348,0.07630878438331855
D03-I,34,A8,616,45,0.07305194805194805,0.08008080855667421,0.5292207792207793
D03-I,35,A1,3717,354,0.09523809523809523,0.3557084945395102,0.0
D03-I,35,A2,4202,377,0.08971918134221799,0.41078550960116667,0.0
D03-I,35,A3,2191,17,0.007759014148790507,0.028866348876404692,0.0
D03-I,35,A4,3538,220,0.06218202374222725,0.18685772692495964,0.008762012436404749
D03-I,35,A5,1084,100,0.09225092250922509,-0.003960630316563419,0.22601476014760147
D03-I,35,A6,1940,12,0.006185567010309278,0.03810968913442372,0.0
D03-I,35,A7,3376,482,0.14277251184834122,0.8472299151731119,0.0485781990521327
D03-I,35,A8,460,14,0.030434782608695653,-0.4620915265037291,0.7456521739130435
D03-I,36,A1,940,207,0.22021276595744682,1.5245193303155908,0.0
D03-I,36,A2,467,66,0.14132762312633834,0.8328714369373211,0.0
D03-I,36,A3,364,37,0.10164835164835165,0.8293422246933979,0.0
D03-I,36,A4,564,76,0.1347517730496454,0.7498773350835278,0.0
D03-I,36,A5,133,0,0.0,-0.7969924812030075,0.7969924812030075
D03-I,36,A6,326,14,0.04294478527607362,0.37616851431531656,0.0
D03-I,36,A7,1155,375,0.3246753246753247,1.5148359843903954,0.07705627705627706
D03-I,36,A8,151,21,0.1390728476821192,0.3820026855273946,0.7218543046357616
D03-I,37,A1,748,96,0.12834224598930483,0.8125180331891447,0.0
D03-I,37,A2,488,53,0.10860655737704918,0.6654352101894958,0.0
D03-I,37,A3,321,19,0.059190031152647975,0.31278056450155395,0.0
D03-I,37,A4,639,30,0.046948356807511735,0.2704867349438036,0.0
D03-I,37,A5,86,2,0.023255813953488372,-0.6704739998342215,0.8255813953488372
D03-I,37,A6,333,1,0.003003003003003003,0.03003003003003003,0.0
D03-I,37,A7,1008,198,0.19642857142857142,1.1059614365028816,0.051587301587301584
D03-I,37,A8,105,5,0.047619047619047616,-0.29866821348255485,0.7142857142857143
D03-I,38,A1,485,129,0.26597938144329897,0.7792968037616829,0.0
D03-I,38,A2,376,183,0.4867021276595745,3.1967258973270187,0.0
D03-I,38,A3,194,25,0.12886597938144329,0.950573873340794,0.0
D03-I,38,A4,200,34,0.17,0.3481418183149657,0.125
D03-I,38,A5,254,31,0.1220472440944882,0.14870795163986045,0.13385826771653545
D03-I,38,A6,222,59,0.26576576576576577,2.24636389439729,0.0
D03-I,38,A7,346,136,0.3930635838150289,2.4581415018774257,0.06358381502890173
D03-I,38,A8,110,11,0.1,0.5359379564691298,0.32727272727272727
D03-I,39,A1,542,87,0.16051660516605165,0.332803900272981,0.0
D03-I,39,A2,310,55,0.1774193548387097,0.7970137594533485,0.0
D03-I,39,A3,162,2,0.012345679012345678,0.055181520087711745,0.0
D03-I,39,A4,299,19,0.06354515050167224,0.11502842926605762,0.03678929765886288
D03-I,39,A5,265,18,0.06792452830188679,0.0976371379046693,0.033962264150943396
D03-I,39,A6,154,4,0.025974025974025976,0.22516575827211713,0.0
D03-I,39,A7,213,44,0.20657276995305165,1.3575165228449038,0.17370892018779344
D03-I,39,A8,92,11,0.11956521739130435,0.471130991377044,0.5978260869565217
D03-I,40,A1,64,17,0.265625,1.5845271425788938,0.0
D03-I,40,A2,81,48,0.5925925925925926,4.460847782159257,0.0
D03-I,40,A3,25,8,0.32,2.045651545746359,0.0
D03-I,40,A4,11,0,0.0,-1.0,1.0
D03-I,40,A5,15,0,0.0,-1.0,1.0
D03-I,40,A6,59,19,0.3220338983050847,2.9510162520903562,0.0
D03-I,40,A7,80,30,0.375,2.7083731159460305,0.0
D03-I,40,A8,17,3,0.17647058823529413,1.7647058823529411,0.0
D03-I,41,A1,14,3,0.21428571428571427,0.4893248368273809,0.0
D03-I,41,A2,3,2,0.6666666666666666,4.570185034831283,0.0
D03-I,41,A3,16,1,0.0625,0.625,0.0
D03-I,41,A4,1,0,0.0,-1.0,1.0
D03-I,41,A5,4,0,0.0,-1.0,1.0
D03-I,41,A6,2,0,0.0,0.0,0.0
D03-I,41,A7,17,9,0.5294117647058824,2.744438045951563,0.0
D03-I,41,A8,3,0,0.0,0.0,0.0
D03-II,6,A1,435,92,0.21149425287356322,0.8670029717260788,0.0
D03-II,6,A2,409,91,0.22249388753056235,1.1724976395319793,0.0
D03-II,6,A3,255,27,0.10588235294117647,0.5924313794553144,0.0
D03-II,6,A4,177,19,0.10734463276836158,0.4953347516370405,0.05649717514124294
D03-II,6,A5,74,1,0.013513513513513514,-0.8687258694587975,0.9459459459459459
D03-II,6,A6,202,16,0.07920792079207921,0.42542446350572,0.0
D03-II,6,A7,954,302,0.3165618448637317,0.6408471674657517,0.0
D03-II,6,A8,192,26,0.13541666666666666,0.8231892931044782,0.1875
D03-II,7,A1,364,19,0.0521978021978022,0.23077863660863887,0.0
D03-II,7,A2,486,38,0.07818930041152264,0.36678166877468016,0.0
D03-II,7,A3,244,13,0.05327868852459016,0.1969916560338606,0.0
D03-II,7,A4,124,3,0.024193548387096774,-0.09341176756055838,0.0967741935483871
D03-II,7,A5,50,1,0.02,-0.857963411601637,0.94
D03-II,7,A6,192,2,0.010416666666666666,0.004006744055731439,0.0
D03-II,7,A7,873,204,0.23367697594501718,0.4039086255295357,0.0
D03-II,7,A8,133,8,0.06015037593984962,0.09034754626745757,0.18045112781954886
D03-II,8,A1,2043,479,0.2344591287322565,1.0337603726239633,0.0
D03-II,8,A2,2664,752,0.2822822822822823,1.1957400932388347,0.0
D03-II,8,A3,1830,374,0.20437158469945355,0.6719619712134888,0.0
D03-II,8,A4,1301,143,0.10991544965411222,0.32559932202834646,0.030745580322828592
D03-II,8,A5,469,6,0.01279317697228145,-0.8556592053188657,0.9104477611940298
D03-II,8,A6,1202,98,0.08153078202995008,0.5585181614456326,0.0
D03-II,8,A7,6082,2641,0.4342321604735284,0.8236210560777564,0.0
D03-II,8,A8,1013,132,0.13030602171767028,0.7066250499794293,0.21322803553800593
D03-II,9,A1,1677,199,0.11866428145497913,0.39867940265616986,0.0
D03-II,9,A2,2366,330,0.13947590870667795,0.5864113810443492,0.0
D03-II,9,A3,1469,107,0.07283866575901975,0.23342972225509293,0.0
D03-II,9,A4,779,50,0.06418485237483953,0.1163653824267393,0.038510911424903725
D03-II,9,A5,253,0,0.0,-0.8616600790513834,0.8616600790513834
D03-II,9,A6,751,5,0.006657789613848202,0.02726678565908016,0.0
D03-II,9,A7,4838,1539,0.31810665564282764,0.4633426081118412,0.0
D03-II,9,A8,563,39,0.06927175843694494,0.13326243290478504,0.23801065719360567
D03-II,10,A1,50,27,0.54,2.9946530762366295,0.0
D03-II,10,A2,61,35,0.5737704918032787,2.219417621747946,0.0
D03-II,10,A3,59,19,0.3220338983050847,2.0620337379068894,0.0
D03-II,10,A4,21,6,0.2857142857142857,1.6701775251967415,0.047619047619047616
D03-II,10,A5,12,0,0.0,-0.9166666666666666,0.9166666666666666
D03-II,10,A6,25,4,0.16,0.7373278226797454,0.0
D03-II,10,A7,51,24,0.47058823529411764,1.2173072020844282,0.0
D03-II,10,A8,9,3,0.3333333333333333,1.6623372467885689,0.0
D03-II,11,A1,20,7,0.35,1.110037388998455,0.0
D03-II,11,A2,2,1,0.5,0.17341541315401815,0.0
D03-II,11,A3,1,0,0.0,0.0,0.0
D03-II,11,A4,1,0,0.0,0.0,0.0
D03-II,11,A5,3,0,0.0,-1.0,1.0
D03-II,11,A7,13,6,0.46153846153846156,1.1241284505197553,0.0
D03-II,11,A8,3,0,0.0,-0.3333333333333333,0.3333333333333333
D03-II,12,A1,1,0,0.0,0.0,0.0
D03-II,12,A4,2,1,0.5,1.5384615229717857,0.0
D03-II,12,A5,1,0,0.0,-1.0,1.0
D03-II,12,A8,1,0,0.0,0.0,0.0
D03-II,20,A1,454,84,0.18502202643171806,0.7648739130582733,0.0
D03-II,20,A2,651,188,0.2887864823348694,1.5078440619900877,0.0
D03-II,20,A3,397,45,0.11335012594458438,0.581664987744742,0.0
D03-II,20,A4,420,57,0.1357142857142857,0.47151617692681164,0.009523809523809525
D03-II,20,A5,126,8,0.06349206349206349,-0.4483922681890167,0.6587301587301587
D03-II,20,A6,366,62,0.16939890710382513,1.1477129486606579,0.0
D03-II,20,A7,2563,1006,0.39250877877487317,0.8765886095093054,0.0
D03-II,20,A8,252,54,0.21428571428571427,1.1934752011571406,0.2896825396825397
D03-II,21,A1,203,16,0.07881773399014778,0.4745023350993211,0.0
D03-II,21,A2,277,16,0.05776173285198556,0.313573637844718,0.0
D03-II,21,A3,160,1,0.00625,0.0625,0.0
D03-II,21,A4,179,6,0.0335195530726257,0.1475144568317565,0.0
D03-II,21,A5,35,0,0.0,-0.8571428571428571,0.8571428571428571
D03-II,21,A6,108,6,0.05555555555555555,0.2726131175555408,0.0
D03-II,21,A7,891,235,0.26374859708193044,0.5500280053613984,0.0
D03-II,21,A8,71,4,0.056338028169014086,0.14852555636315026,0.2676056338028169
D03-II,22,A1,2114,488,0.23084200567644275,0.8985872749322427,0.0
D03-II,22,A2,2892,838,0.2897648686030429,1.3335372946792763,0.0
D03-II,22,A3,1738,273,0.1570771001150748,0.5222324636825463,0.0
D03-II,22,A4,1717,247,0.14385556202679092,0.42959634645178274,0.0023296447291788003
D03-II,22,A5,538,12,0.022304832713754646,-0.7522574140887545,0.8252788104089219
D03-II,22,A6,1358,137,0.10088365243004419,0.6688550743027638,0.0
D03-II,22,A7,9362,3504,0.3742790002136296,0.8583056715749706,0.0
D03-II,22,A8,1012,124,0.1225296442687747,0.6246564079433771,0.29051383399209485
D03-II,23,A1,1409,157,0.11142654364797729,0.45458999448599063,0.0
D03-II,23,A2,2085,275,0.13189448441247004,0.6023496269378167,0.0
D03-II,23,A3,1185,78,0.06582278481012659,0.1973088105751743,0.0
D03-II,23,A4,1333,92,0.0690172543135784,0.20077849912475612,0.0
D03-II,23,A5,209,2,0.009569377990430622,-0.8300342457722806,0.8851674641148325
D03-II,23,A6,815,10,0.012269938650306749,0.0743548040047421,0.0
D03-II,23,A7,5499,1427,0.259501727586834,0.556185521078381,0.0
D03-II,23,A8,431,25,0.058004640371229696,0.08100650033649048,0.2853828306264501
D03-II,24,A1,11,10,0.9090909090909091,3.973247692307694,0.0
D03-II,24,A2,45,34,0.7555555555555555,4.29767055448282,0.0
D03-II,24,A3,21,11,0.5238095238095238,2.5568733710329115,0.0
D03-II,24,A4,34,12,0.35294117647058826,1.2472231149374298,0.0
D03-II,24,A5,9,2,0.2222222222222222,-0.5434124691498634,0.6666666666666666
D03-II,24,A6,12,9,0.75,6.678236118479315,0.0
D03-II,24,A7,15,10,0.6666666666666666,4.050657753361771,0.0
D03-II,24,A8,18,9,0.5,2.916884000671841,0.2222222222222222
D03-II,34,A1,311,61,0.19614147909967847,0.8762725043684735,0.0
D03-II,34,A2,351,116,0.33048433048433046,1.977958429643233,0.0
D03-II,34,A3,241,37,0.15352697095435686,0.9108898604532839,0.0
D03-II,34,A4,338,76,0.22485207100591717,0.7305779604670845,0.0
D03-II,34,A5,84,6,0.07142857142857142,-0.49241493830690597,0.7023809523809523
D03-II,34,A6,247,74,0.29959514170040485,2.164796105448998,0.0
D03-II,34,A7,683,266,0.38945827232796487,2.4028785468939478,0.0
D03-II,34,A8,190,57,0.3,2.2799735724360026,0.32105263157894737
D03-II,35,A1,145,12,0.08275862068965517,0.22249630881996008,0.0
D03-II,35,A2,211,30,0.14218009478672985,0.8355290034846652,0.0
D03-II,35,A3,113,3,0.02654867256637168,0.16800418234774742,0.0
D03-II,35,A4,190,41,0.21578947368421053,1.0252317804887994,0.0
D03-II,35,A5,51,2,0.0392156862745098,-0.38287819707083814,0.5294117647058824
D03-II,35,A6,101,5,0.04950495049504951,0.44432325669785583,0.0
D03-II,35,A7,663,209,0.3152337858220211,1.7346338929372902,0.0
D03-II,35,A8,62,11,0.1774193548387097,1.1473862257599248,0.5483870967741935
D03-II,36,A1,1094,364,0.3327239488117002,1.57611538485445,0.0
D03-II,36,A2,1344,466,0.34672619047619047,1.9393742946781594,0.0
D03-II,36,A3,779,155,0.19897304236200256,0.9348363510255842,0.0
D03-II,36,A4,882,212,0.24036281179138322,0.8766854620946927,0.0
D03-II,36,A5,311,14,0.04501607717041801,-0.4716167487133684,0.6077170418006431
D03-II,36,A6,585,71,0.12136752136752137,0.9584253332169484,0.0
D03-II,36,A7,3247,1501,0.4622728672620881,2.1128563815274597,0.0
D03-II,36,A8,654,147,0.22477064220183487,1.6725195645249895,0.29204892966360857
D03-II,37,A1,684,122,0.1783625730994152,0.7371267101490829,0.0
D03-II,37,A2,788,141,0.17893401015228427,0.8693104380342391,0.0
D03-II,37,A3,572,87,0.1520979020979021,0.6361451511217278,0.0
D03-II,37,A4,557,99,0.17773788150807898,0.5741907433580774,0.0
D03-II,37,A5,193,6,0.031088082901554404,-0.4804530114581894,0.5595854922279793
D03-II,37,A6,358,8,0.0223463687150838,0.1226117960450951,0.0
D03-II,37,A7,2735,1126,0.4117001828153565,2.001037164386477,0.0
D03-II,37,A8,435,87,0.2,1.3728434645960386,0.39770114942528734
D03-II,38,A2,1,1,1.0,0.404774258215046,0.0
D03-II,38,A3,13,5,0.38461538461538464,1.9889694992339517,0.0
D03-II,38,A4,3,1,0.3333333333333333,0.5840306815060241,0.0
D03-II,38,A5,3,0,0.0,-0.6666666666666666,0.6666666666666666
D03-II,38,A8,14,7,0.5,4.041312662716177,0.0
D03-II,39,A2,1,0,0.0,0.0,0.0
D03-II,39,A7,1,1,1.0,9.990875790178048,0.0
