preference,arm,calls,cost_ms_per_call,proposals_per_call,accepted_rate,reward_per_call
Balanced,REFERENCE,17954.0,25.266199413377,2.068452712487468,0.11328951765623259,0.31741412812331493
Balanced,G,18163.0,23.34677573081781,2.1901668226614546,0.10945328414909432,0.29657516337367557
Balanced,W,24632.0,28.698517105576304,3.097596622279961,0.12800422215004872,0.5287119973332476
Balanced,GW,23781.0,27.336961072221655,3.11719439888987,0.1281695471174467,0.5146577787051626
Electricity,REFERENCE,14241.0,26.002205868209963,1.979846920862299,0.16487606207429253,0.9595270770129989
Electricity,G,13258.0,24.478474030950313,1.9515009805400514,0.16239251772514707,0.9243185339478901
Electricity,W,16545.0,29.87185896628436,2.994922937443336,0.18386219401631912,1.2474482797051436
Electricity,GW,17374.0,27.605548719345368,2.876136756072292,0.18539196500518015,1.2411061118421782
Flow,REFERENCE,17554.0,24.21177088385822,2.4859291329611484,0.11017431924347727,0.2900425432708691
Flow,G,18310.0,23.33475103935482,2.5808847624249043,0.11796832332058985,0.3164342782096661
Flow,W,22721.0,28.087042800158724,3.473174596188548,0.12429030412393821,0.4635150752329145
Flow,GW,22965.0,26.623659067816227,3.3585456128891793,0.1277596342259961,0.4836320421983019
