count,generation_bin,group,level,margin_mean,margin_median,margin_p90,suite
6515,all,type_ii_D03II_long_long_j50_i8101_a101_g50,run,0.5851327163352935,0.6252798204160894,0.7743029013488842,D03 Type-II
95050,all,D03 Type-II,suite,0.5458309007514182,0.5284848666892399,0.9032614380191066,D03 Type-II
125,Generation 1,type_ii_D03II_long_long_j50_i8101_a101_g50,run,0.39479750409754394,0.39749974070099703,0.5831564979216401,D03 Type-II
2015,Generation 1,D03 Type-II,suite,0.2941051030749925,0.23382457376985433,0.5767705925157931,D03 Type-II
1000,1-10,type_ii_D03II_long_long_j50_i8101_a101_g50,run,0.5024074019007468,0.5395943562610226,0.7629150371903997,D03 Type-II
15765,1-10,D03 Type-II,suite,0.39790566193588467,0.36194337657441955,0.7511199337862235,D03 Type-II
1285,11-20,type_ii_D03II_long_long_j50_i8101_a101_g50,run,0.6797513973919566,0.7362504644177654,0.7849715259825407,D03 Type-II
17475,11-20,D03 Type-II,suite,0.5584393459845902,0.5251410313812814,0.9378278777368305,D03 Type-II
1290,21-30,type_ii_D03II_long_long_j50_i8101_a101_g50,run,0.566306097246815,0.6311712727956384,0.7628264422476705,D03 Type-II
19600,21-30,D03 Type-II,suite,0.6000963915769424,0.5834842516279002,0.9277080652080656,D03 Type-II
1545,31-40,type_ii_D03II_long_long_j50_i8101_a101_g50,run,0.6066452540260464,0.6194269391904201,0.8245349447199373,D03 Type-II
20925,31-40,D03 Type-II,suite,0.5805440982538994,0.5511213323713322,0.9111821393619237,D03 Type-II
1395,41-50,type_ii_D03II_long_long_j50_i8101_a101_g50,run,0.5508601551658732,0.5366736111111112,0.6996122391426955,D03 Type-II
21285,41-50,D03 Type-II,suite,0.5609463121471198,0.5568978740471002,0.8688893834708432,D03 Type-II
7000,all,type_ii_D03II_long_long_j50_i8101_a202_g50,run,0.399827338267695,0.39864414956141303,0.6540139488558188,D03 Type-II
145,Generation 1,type_ii_D03II_long_long_j50_i8101_a202_g50,run,0.3083459716944894,0.312357812357845,0.5397991290600668,D03 Type-II
1120,1-10,type_ii_D03II_long_long_j50_i8101_a202_g50,run,0.4106118839440568,0.41517005882544433,0.6590936036834394,D03 Type-II
1335,11-20,type_ii_D03II_long_long_j50_i8101_a202_g50,run,0.28358837094066425,0.2864172488918939,0.5869455175144012,D03 Type-II
1710,21-30,type_ii_D03II_long_long_j50_i8101_a202_g50,run,0.3639705611800563,0.3837046687045662,0.660276327177602,D03 Type-II
1425,31-40,type_ii_D03II_long_long_j50_i8101_a202_g50,run,0.4216816912285758,0.5018830412580719,0.6190668974759883,D03 Type-II
1410,41-50,type_ii_D03II_long_long_j50_i8101_a202_g50,run,0.5227159666894453,0.5417188667794575,0.6624651943672335,D03 Type-II
7030,all,type_ii_D03II_long_long_j50_i8101_a303_g50,run,0.5784311441509057,0.6419297177361694,0.7354243653978403,D03 Type-II
120,Generation 1,type_ii_D03II_long_long_j50_i8101_a303_g50,run,0.3743349751296864,0.3059714323720072,0.7593014991861722,D03 Type-II
1075,1-10,type_ii_D03II_long_long_j50_i8101_a303_g50,run,0.3746931700681763,0.36573530264798837,0.658614907201396,D03 Type-II
1220,11-20,type_ii_D03II_long_long_j50_i8101_a303_g50,run,0.5672140014263465,0.6085220870275463,0.7624904963614645,D03 Type-II
1375,21-30,type_ii_D03II_long_long_j50_i8101_a303_g50,run,0.6082574608887654,0.6593412819971254,0.715619233783451,D03 Type-II
1405,31-40,type_ii_D03II_long_long_j50_i8101_a303_g50,run,0.5991762917832731,0.6371226377562724,0.7053182888101039,D03 Type-II
1955,41-50,type_ii_D03II_long_long_j50_i8101_a303_g50,run,0.6615744271815259,0.6448921582235343,0.7354243653978403,D03 Type-II
5115,all,type_ii_D03II_long_long_j50_i8102_a101_g50,run,0.36321801428048767,0.38664658775257954,0.5123575755953498,D03 Type-II
140,Generation 1,type_ii_D03II_long_long_j50_i8102_a101_g50,run,0.20971553068722848,0.18073096417422807,0.3642539355715287,D03 Type-II
995,1-10,type_ii_D03II_long_long_j50_i8102_a101_g50,run,0.25533431678557095,0.2538239911172371,0.4193485990758914,D03 Type-II
940,11-20,type_ii_D03II_long_long_j50_i8102_a101_g50,run,0.37789177051464573,0.3688422183699769,0.5272277690079916,D03 Type-II
810,21-30,type_ii_D03II_long_long_j50_i8102_a101_g50,run,0.4235363771822141,0.4384536623365227,0.541190768312233,D03 Type-II
1230,31-40,type_ii_D03II_long_long_j50_i8102_a101_g50,run,0.39189667864653527,0.4110644491238771,0.5274860334283085,D03 Type-II
1140,41-50,type_ii_D03II_long_long_j50_i8102_a101_g50,run,0.3714796958828531,0.4336123646468475,0.4836786874753336,D03 Type-II
6325,all,type_ii_D03II_long_long_j50_i8102_a202_g50,run,0.5445949578886757,0.5889917268184786,0.643024093028898,D03 Type-II
135,Generation 1,type_ii_D03II_long_long_j50_i8102_a202_g50,run,0.3659240139500592,0.18396711202466576,1.2955867272572879,D03 Type-II
965,1-10,type_ii_D03II_long_long_j50_i8102_a202_g50,run,0.39238419990097306,0.31459063843303126,0.8170006922123677,D03 Type-II
770,11-20,type_ii_D03II_long_long_j50_i8102_a202_g50,run,0.5644199503153238,0.5341868620463696,1.0540525568358987,D03 Type-II
1285,21-30,type_ii_D03II_long_long_j50_i8102_a202_g50,run,0.5970704311181776,0.6160013263059203,0.643024093028898,D03 Type-II
1620,31-40,type_ii_D03II_long_long_j50_i8102_a202_g50,run,0.583831801236886,0.6197934502954785,0.643024093028898,D03 Type-II
1685,41-50,type_ii_D03II_long_long_j50_i8102_a202_g50,run,0.5449649685507552,0.6101797305051662,0.6308709238334991,D03 Type-II
6490,all,type_ii_D03II_long_long_j50_i8102_a303_g50,run,0.4200956472764737,0.40649727904629884,0.5896358316701453,D03 Type-II
135,Generation 1,type_ii_D03II_long_long_j50_i8102_a303_g50,run,0.2808650324350874,0.18404245044094059,0.7060391027258389,D03 Type-II
1010,1-10,type_ii_D03II_long_long_j50_i8102_a303_g50,run,0.3616596456958428,0.25837320657914187,0.847283043889766,D03 Type-II
1645,11-20,type_ii_D03II_long_long_j50_i8102_a303_g50,run,0.4160809754293098,0.38195152375422126,0.5599189895173873,D03 Type-II
985,21-30,type_ii_D03II_long_long_j50_i8102_a303_g50,run,0.4560462400269771,0.4981099830423321,0.5856306684327162,D03 Type-II
1390,31-40,type_ii_D03II_long_long_j50_i8102_a303_g50,run,0.4554348136632137,0.4688244761774176,0.5896358316701453,D03 Type-II
1460,41-50,type_ii_D03II_long_long_j50_i8102_a303_g50,run,0.40714477169305424,0.39740062389708775,0.6005981761791621,D03 Type-II
6485,all,type_ii_D03II_long_long_j50_i8103_a101_g50,run,0.8128004657660717,0.8782703343509695,1.0573479629222353,D03 Type-II
160,Generation 1,type_ii_D03II_long_long_j50_i8103_a101_g50,run,0.3393071367504145,0.26068370557732234,0.5489111166064016,D03 Type-II
1085,1-10,type_ii_D03II_long_long_j50_i8103_a101_g50,run,0.4953826551742474,0.4945289616640487,0.8303737739881281,D03 Type-II
1125,11-20,type_ii_D03II_long_long_j50_i8103_a101_g50,run,0.8196616266849761,0.905837036671951,1.087028319379568,D03 Type-II
1340,21-30,type_ii_D03II_long_long_j50_i8103_a101_g50,run,0.9011844478033617,0.9702040733861808,1.1243539652634638,D03 Type-II
1405,31-40,type_ii_D03II_long_long_j50_i8103_a101_g50,run,0.9038109071760106,0.917759658737751,1.0445585623101203,D03 Type-II
1530,41-50,type_ii_D03II_long_long_j50_i8103_a101_g50,run,0.8718692973656988,0.887048076490855,1.0207212314416898,D03 Type-II
5520,all,type_ii_D03II_long_long_j50_i8103_a202_g50,run,0.7854964000200152,0.828247950048898,0.9476466713414504,D03 Type-II
100,Generation 1,type_ii_D03II_long_long_j50_i8103_a202_g50,run,0.3276537489290917,0.3124543299583711,0.5293062358677418,D03 Type-II
1085,1-10,type_ii_D03II_long_long_j50_i8103_a202_g50,run,0.5117041890067797,0.44755197363342947,0.8725336774986143,D03 Type-II
1310,11-20,type_ii_D03II_long_long_j50_i8103_a202_g50,run,0.8696114652563344,0.8781393752613682,0.9762278481093687,D03 Type-II
1115,21-30,type_ii_D03II_long_long_j50_i8103_a202_g50,run,0.883171082584873,0.8941641096338557,0.9599921643095783,D03 Type-II
1165,31-40,type_ii_D03II_long_long_j50_i8103_a202_g50,run,0.8494810097112917,0.8549250571753044,0.9436671189579637,D03 Type-II
845,41-50,type_ii_D03II_long_long_j50_i8103_a202_g50,run,0.7895490297710556,0.7785296669446473,0.8566462452427364,D03 Type-II
8020,all,type_ii_D03II_long_long_j50_i8103_a303_g50,run,0.801894043930435,0.8200545082898028,1.0601127537164974,D03 Type-II
155,Generation 1,type_ii_D03II_long_long_j50_i8103_a303_g50,run,0.3339450392167586,0.30954126685581285,0.5484392338495683,D03 Type-II
950,1-10,type_ii_D03II_long_long_j50_i8103_a303_g50,run,0.49868504396600666,0.5235154820718684,0.7730528384824709,D03 Type-II
1430,11-20,type_ii_D03II_long_long_j50_i8103_a303_g50,run,0.8211613725370221,0.8379577797681244,1.0922935357717962,D03 Type-II
1790,21-30,type_ii_D03II_long_long_j50_i8103_a303_g50,run,0.886473287233264,0.8805900621118008,1.0601127537164974,D03 Type-II
1840,31-40,type_ii_D03II_long_long_j50_i8103_a303_g50,run,0.8405543589674578,0.824074074074074,1.0601127537164974,D03 Type-II
2010,41-50,type_ii_D03II_long_long_j50_i8103_a303_g50,run,0.8207818274521269,0.8120224804435334,1.0203374382786148,D03 Type-II
5990,all,type_ii_D03II_long_long_j50_i8104_a101_g50,run,0.33888238950735633,0.3388041115555174,0.5877829048560754,D03 Type-II
140,Generation 1,type_ii_D03II_long_long_j50_i8104_a101_g50,run,0.36514026928965454,0.3075928261683215,0.7908005170884329,D03 Type-II
1100,1-10,type_ii_D03II_long_long_j50_i8104_a101_g50,run,0.39780188436022,0.31479786194725956,0.7594312325758215,D03 Type-II
810,11-20,type_ii_D03II_long_long_j50_i8104_a101_g50,run,0.4511579136133791,0.36073330844817075,1.0122035128030336,D03 Type-II
1150,21-30,type_ii_D03II_long_long_j50_i8104_a101_g50,run,0.3774029458872482,0.3583220640521936,0.39760252734021817,D03 Type-II
1410,31-40,type_ii_D03II_long_long_j50_i8104_a101_g50,run,0.312027776207234,0.3456206393963095,0.370372784723604,D03 Type-II
1520,41-50,type_ii_D03II_long_long_j50_i8104_a101_g50,run,0.23217959085753273,0.21848100255322223,0.36091751664764615,D03 Type-II
6165,all,type_ii_D03II_long_long_j50_i8104_a202_g50,run,0.3903298806971412,0.38364257417737924,0.7652966249277735,D03 Type-II
110,Generation 1,type_ii_D03II_long_long_j50_i8104_a202_g50,run,0.2656219716656469,0.22517261131019695,0.5727386518625003,D03 Type-II
1040,1-10,type_ii_D03II_long_long_j50_i8104_a202_g50,run,0.37137198086083895,0.33415557282957087,0.7010726122369264,D03 Type-II
915,11-20,type_ii_D03II_long_long_j50_i8104_a202_g50,run,0.5111265211875228,0.5498884220210392,0.9108136389158288,D03 Type-II
1560,21-30,type_ii_D03II_long_long_j50_i8104_a202_g50,run,0.45385704011734695,0.6575181049872187,0.764638702891262,D03 Type-II
1415,31-40,type_ii_D03II_long_long_j50_i8104_a202_g50,run,0.3225994700645592,0.10030360500885305,0.7634478933971008,D03 Type-II
1235,41-50,type_ii_D03II_long_long_j50_i8104_a202_g50,run,0.3141545382927992,0.42533042715423575,0.7403725702981607,D03 Type-II
6280,all,type_ii_D03II_long_long_j50_i8104_a303_g50,run,0.8007284830758715,0.8288595675863579,1.333990562375866,D03 Type-II
145,Generation 1,type_ii_D03II_long_long_j50_i8104_a303_g50,run,0.3960113291851847,0.38962775116621295,0.711736448965577,D03 Type-II
1170,1-10,type_ii_D03II_long_long_j50_i8104_a303_g50,run,0.5256545873479044,0.5489819466019308,0.8251145776692826,D03 Type-II
1145,11-20,type_ii_D03II_long_long_j50_i8104_a303_g50,run,0.6722743497560371,0.5533204384268215,1.4936332666351957,D03 Type-II
1330,21-30,type_ii_D03II_long_long_j50_i8104_a303_g50,run,0.9547739990802367,0.8765059705623219,1.3772514874105806,D03 Type-II
1240,31-40,type_ii_D03II_long_long_j50_i8104_a303_g50,run,0.9664160465489524,0.9291819291819294,1.3297794594073302,D03 Type-II
1395,41-50,type_ii_D03II_long_long_j50_i8104_a303_g50,run,0.842723698603116,0.78794222590881,1.3240072229765265,D03 Type-II
5790,all,type_ii_D03II_long_long_j50_i8105_a101_g50,run,0.35372487383547235,0.364158858049376,0.527984961967646,D03 Type-II
110,Generation 1,type_ii_D03II_long_long_j50_i8105_a101_g50,run,0.1266898890657046,0.11344204526664736,0.288527014948083,D03 Type-II
1205,1-10,type_ii_D03II_long_long_j50_i8105_a101_g50,run,0.2612346816438613,0.2558808998734199,0.4329258916662718,D03 Type-II
1085,11-20,type_ii_D03II_long_long_j50_i8105_a101_g50,run,0.34600395290524777,0.34978502983821325,0.45158409305559977,D03 Type-II
1080,21-30,type_ii_D03II_long_long_j50_i8105_a101_g50,run,0.3906377862903223,0.4210130462256986,0.5007831298293164,D03 Type-II
1190,31-40,type_ii_D03II_long_long_j50_i8105_a101_g50,run,0.4266663865112981,0.40332474022313614,0.627799300035936,D03 Type-II
1230,41-50,type_ii_D03II_long_long_j50_i8105_a101_g50,run,0.34816514640841095,0.3623808159958455,0.544360802505753,D03 Type-II
5415,all,type_ii_D03II_long_long_j50_i8105_a202_g50,run,0.4391459924950622,0.4741397590859959,0.5474166020606515,D03 Type-II
140,Generation 1,type_ii_D03II_long_long_j50_i8105_a202_g50,run,0.17582177158751408,0.12515799084984414,0.32944840628760885,D03 Type-II
980,1-10,type_ii_D03II_long_long_j50_i8105_a202_g50,run,0.3276432213202427,0.29306687804411613,0.5564251108574589,D03 Type-II
1200,11-20,type_ii_D03II_long_long_j50_i8105_a202_g50,run,0.42595574605223147,0.47750729048933116,0.5564251108574589,D03 Type-II
1265,21-30,type_ii_D03II_long_long_j50_i8105_a202_g50,run,0.4658883994377591,0.4742535355402795,0.5463250212276909,D03 Type-II
1040,31-40,type_ii_D03II_long_long_j50_i8105_a202_g50,run,0.47742584001919414,0.47650569093873973,0.5474166020606515,D03 Type-II
930,41-50,type_ii_D03II_long_long_j50_i8105_a202_g50,run,0.49448021322098823,0.5082668713819496,0.5388657952058233,D03 Type-II
6910,all,type_ii_D03II_long_long_j50_i8105_a303_g50,run,0.4697587705602222,0.49955414456313707,0.5972514487531173,D03 Type-II
155,Generation 1,type_ii_D03II_long_long_j50_i8105_a303_g50,run,0.14089293695335287,0.0933994288397999,0.29099633310159567,D03 Type-II
985,1-10,type_ii_D03II_long_long_j50_i8105_a303_g50,run,0.2728601871589684,0.21090278930000195,0.5703777763589593,D03 Type-II
1260,11-20,type_ii_D03II_long_long_j50_i8105_a303_g50,run,0.48839328102781454,0.5029502118609341,0.6188958143156189,D03 Type-II
1515,21-30,type_ii_D03II_long_long_j50_i8105_a303_g50,run,0.5352328054720145,0.5428248638077879,0.6029285029171443,D03 Type-II
1605,31-40,type_ii_D03II_long_long_j50_i8105_a303_g50,run,0.4995735249388112,0.5076543590974829,0.5790944088435128,D03 Type-II
1545,41-50,type_ii_D03II_long_long_j50_i8105_a303_g50,run,0.48491720278809797,0.47206532653612965,0.5630412111080989,D03 Type-II
