count,generation,mean,median,p_above_threshold,p_argmax,severity,suite
2015,1,0.387787687629661,0.3304442036836343,0.031265508684863524,0.0,resource,D03 Type-II
2015,1,0.39694312138167526,0.29906542056074303,0.05161290322580645,0.0,kv,D03 Type-II
2015,1,1.4835190820518567,1.463947560087399,0.7166253101736972,0.22133995037220844,region,D03 Type-II
2015,1,2.1103836558002187,2.108225108225108,1.0,0.6590570719602977,tou,D03 Type-II
2015,1,1.8620902569713116,1.8680113094699038,0.9995037220843672,0.11712158808933003,demand,D03 Type-II
2015,1,1.140281286757052,1.1213047910295426,0.688833746898263,0.0024813895781637717,compressible,D03 Type-II
1880,2,0.3558606473580187,0.2645502645502599,0.04946808510638298,0.0,resource,D03 Type-II
1880,2,0.3315736718915706,0.22768670309653566,0.019680851063829788,0.0,kv,D03 Type-II
1880,2,1.5183163601744332,1.5541666666666667,0.7324468085106383,0.22021276595744682,region,D03 Type-II
1880,2,2.1086932990119256,2.107977991746905,1.0,0.7127659574468085,tou,D03 Type-II
1880,2,1.802955417663777,1.8012473381791558,0.9973404255319149,0.06702127659574468,demand,D03 Type-II
1880,2,1.057742219032485,1.0346695557962977,0.5765957446808511,0.0,compressible,D03 Type-II
1470,3,0.3723076669854538,0.2698412698412651,0.07959183673469387,0.0,resource,D03 Type-II
1470,3,0.3143782676556938,0.25026735929159233,0.012244897959183673,0.0,kv,D03 Type-II
1470,3,1.5438587910986248,1.5920181247821537,0.7401360544217687,0.22040816326530613,region,D03 Type-II
1470,3,2.1054963169747056,2.106473154381577,1.0,0.7619047619047619,tou,D03 Type-II
1470,3,1.7088069662488847,1.729206517409315,0.998639455782313,0.017687074829931974,demand,D03 Type-II
1470,3,0.9800975619719497,0.974165769644762,0.4380952380952381,0.0,compressible,D03 Type-II
1385,4,0.3499487574503755,0.2645502645502599,0.051263537906137184,0.0,resource,D03 Type-II
1385,4,0.3170596098040267,0.23276633840644234,0.013718411552346571,0.0,kv,D03 Type-II
1385,4,1.527679808227978,1.5576485199751606,0.7494584837545126,0.20144404332129964,region,D03 Type-II
1385,4,2.1032340040159383,2.104438012542209,1.0,0.7783393501805054,tou,D03 Type-II
1385,4,1.6779908338712932,1.676332202647992,1.0,0.020216606498194945,demand,D03 Type-II
1385,4,0.956305685536836,0.9378185524974356,0.37328519855595665,0.0,compressible,D03 Type-II
1255,5,0.33608280451036127,0.2645502645502599,0.036653386454183264,0.0,resource,D03 Type-II
1255,5,0.30617310038770623,0.2159624413145506,0.004780876494023904,0.0,kv,D03 Type-II
1255,5,1.5406029662663498,1.5195663222090456,0.7258964143426295,0.2645418326693227,region,D03 Type-II
1255,5,2.1035341290909617,2.099406528189911,1.0,0.7227091633466135,tou,D03 Type-II
1255,5,1.643955280821043,1.6476398568597146,0.9952191235059761,0.012749003984063745,demand,D03 Type-II
1255,5,0.8840427621778326,0.871559633027508,0.23824701195219122,0.0,compressible,D03 Type-II
1570,6,0.32023708256571654,0.2440476190476142,0.03184713375796178,0.0,resource,D03 Type-II
1570,6,0.30453517532980073,0.24390243902438644,0.0070063694267515925,0.0,kv,D03 Type-II
1570,6,1.4302293092069087,1.3677758318739053,0.689171974522293,0.2197452229299363,region,D03 Type-II
1570,6,2.1046090724637065,2.1040517377665724,1.0,0.767515923566879,tou,D03 Type-II
1570,6,1.5991724423414024,1.5843218954248366,0.9974522292993631,0.012738853503184714,demand,D03 Type-II
1570,6,0.8633800492191998,0.8396533044420216,0.20828025477707007,0.0,compressible,D03 Type-II
1495,7,0.312053068919448,0.2222222222222183,0.031438127090301006,0.0,resource,D03 Type-II
1495,7,0.3050366257912686,0.268656716417906,0.0006688963210702341,0.0,kv,D03 Type-II
1495,7,1.3460893428952834,1.279964811963932,0.6454849498327759,0.16923076923076924,region,D03 Type-II
1495,7,2.100117148902861,2.100051440329218,1.0,0.8254180602006689,tou,D03 Type-II
1495,7,1.5568565671488832,1.545440540714931,0.9973244147157191,0.005351170568561873,demand,D03 Type-II
1495,7,0.8144154756007925,0.7951070336391303,0.14983277591973243,0.0,compressible,D03 Type-II
1490,8,0.26963579523430203,0.1851851851851819,0.026845637583892617,0.0,resource,D03 Type-II
1490,8,0.2632385404122113,0.2095808383233498,0.003355704697986577,0.0,kv,D03 Type-II
1490,8,1.3583994884802078,1.279964811963932,0.6771812080536913,0.13624161073825503,region,D03 Type-II
1490,8,2.1057565937478486,2.1114041063709825,1.0,0.863758389261745,tou,D03 Type-II
1490,8,1.5633900138397039,1.5388078277024824,1.0,0.0,demand,D03 Type-II
1490,8,0.7872513474591192,0.7750269106566061,0.0953020134228188,0.0,compressible,D03 Type-II
1525,9,0.2573725395921416,0.16931216931216633,0.03016393442622951,0.0,resource,D03 Type-II
1525,9,0.25436456741406116,0.21428571428571064,0.002622950819672131,0.0,kv,D03 Type-II
1525,9,1.324407190339315,1.2853801169590635,0.660327868852459,0.12655737704918033,region,D03 Type-II
1525,9,2.103880917872428,2.1019473081328752,1.0,0.8701639344262295,tou,D03 Type-II
1525,9,1.555640546770006,1.5747482035360822,0.9973770491803279,0.003278688524590164,demand,D03 Type-II
1525,9,0.768263097012289,0.7427341227125809,0.09836065573770492,0.0,compressible,D03 Type-II
1680,10,0.2465607820145843,0.14880952380952087,0.01488095238095238,0.0,resource,D03 Type-II
1680,10,0.237984934635956,0.18809704545678269,0.0,0.0,kv,D03 Type-II
1680,10,1.2758214042467442,1.1841610233258086,0.6035714285714285,0.1363095238095238,region,D03 Type-II
1680,10,2.102032019651526,2.0967330270546194,1.0,0.8577380952380952,tou,D03 Type-II
1680,10,1.5274984803729952,1.5105767823159126,0.9964285714285714,0.005952380952380952,demand,D03 Type-II
1680,10,0.7232533441431851,0.7010290122507428,0.05,0.0,compressible,D03 Type-II
1730,11,0.23283507186591537,0.16793066088840433,0.010982658959537572,0.0,resource,D03 Type-II
1730,11,0.22981128865166947,0.20582183490679878,0.0,0.0,kv,D03 Type-II
1730,11,1.138974535812816,1.0920167303146022,0.5346820809248555,0.10346820809248555,region,D03 Type-II
1730,11,2.1016930870720434,2.0972828723920425,1.0,0.8907514450867052,tou,D03 Type-II
1730,11,1.5009808480933775,1.4742118151209056,0.9976878612716763,0.005780346820809248,demand,D03 Type-II
1730,11,0.6858932845849658,0.6726927315597802,0.04335260115606936,0.0,compressible,D03 Type-II
1730,12,0.23417350895371014,0.15709642470205568,0.019653179190751446,0.0,resource,D03 Type-II
1730,12,0.20709780152041016,0.17241379310344535,0.0,0.0,kv,D03 Type-II
1730,12,1.2064635306703408,1.1018935978358888,0.5641618497109827,0.16358381502890174,region,D03 Type-II
1730,12,2.100251500109094,2.0928030303030303,1.0,0.830635838150289,tou,D03 Type-II
1730,12,1.4777379250923803,1.4657843353964042,1.0,0.005780346820809248,demand,D03 Type-II
1730,12,0.6805053326673404,0.6785714285714152,0.046242774566473986,0.0,compressible,D03 Type-II
1975,13,0.2068009496822369,0.12698412698412473,0.017721518987341773,0.0,resource,D03 Type-II
1975,13,0.19119163991263305,0.16775396085740651,0.0,0.0,kv,D03 Type-II
1975,13,1.1825166546719947,1.108477147733738,0.5448101265822785,0.15139240506329113,region,D03 Type-II
1975,13,2.112654742134523,2.105780022446689,1.0,0.8460759493670886,tou,D03 Type-II
1975,13,1.480040515712398,1.464271617300728,0.9929113924050633,0.002531645569620253,demand,D03 Type-II
1975,13,0.6796377887777233,0.666305525460443,0.03645569620253165,0.0,compressible,D03 Type-II
1720,14,0.19988102869898794,0.15608180839612207,0.006395348837209302,0.0,resource,D03 Type-II
1720,14,0.19021489934971816,0.18086629513841407,0.0,0.0,kv,D03 Type-II
1720,14,1.1105574999114813,0.9949504394987854,0.49709302325581395,0.12209302325581395,region,D03 Type-II
1720,14,2.1138157044775925,2.105758169442142,1.0,0.875,tou,D03 Type-II
1720,14,1.4603420795631936,1.4546627675219628,0.9906976744186047,0.0029069767441860465,demand,D03 Type-II
1720,14,0.6469174354770525,0.6190476190476082,0.025,0.0,compressible,D03 Type-II
1775,15,0.1757442807216657,0.15709642470205568,0.0,0.0,resource,D03 Type-II
1775,15,0.1567795271412514,0.1530612244897933,0.0,0.0,kv,D03 Type-II
1775,15,1.0421431331464783,0.9581131336856524,0.4659154929577465,0.12225352112676056,region,D03 Type-II
1775,15,2.1130521428174096,2.1048970506399556,1.0,0.8777464788732394,tou,D03 Type-II
1775,15,1.449846591264528,1.448758648758649,0.9926760563380281,0.0,demand,D03 Type-II
1775,15,0.6584602040551321,0.6402116402116289,0.05746478873239436,0.0,compressible,D03 Type-II
1565,16,0.17481065026733697,0.1547619047619017,0.0,0.0,resource,D03 Type-II
1565,16,0.14970561114310077,0.12720156555772785,0.0,0.0,kv,D03 Type-II
1565,16,1.036691847188263,0.8901264866905787,0.43322683706070286,0.13546325878594248,region,D03 Type-II
1565,16,2.115422777844961,2.107843137254902,1.0,0.85814696485623,tou,D03 Type-II
1565,16,1.44173680337672,1.426007385684805,0.9884984025559106,0.006389776357827476,demand,D03 Type-II
1565,16,0.6304736999060613,0.6081808396124757,0.04984025559105431,0.0,compressible,D03 Type-II
1680,17,0.19819951641879235,0.17876489707475302,0.0,0.0,resource,D03 Type-II
1680,17,0.16041396766544305,0.12753584976106364,0.0,0.0,kv,D03 Type-II
1680,17,0.9964951210263578,0.8901264866905787,0.3970238095238095,0.11904761904761904,region,D03 Type-II
1680,17,2.110496272451346,2.1029331718604087,1.0,0.8797619047619047,tou,D03 Type-II
1680,17,1.4470864680872368,1.4558881886087764,0.9916666666666667,0.0011904761904761906,demand,D03 Type-II
1680,17,0.5951067947770023,0.5642520353552862,0.02142857142857143,0.0,compressible,D03 Type-II
1695,18,0.19325058091936284,0.1732925586136566,0.0,0.0,resource,D03 Type-II
1695,18,0.152207445423329,0.12526096033402703,0.0,0.0,kv,D03 Type-II
1695,18,0.9962050445146822,0.898494860499266,0.42123893805309737,0.13156342182890857,region,D03 Type-II
1695,18,2.109721454593527,2.1006144393241164,1.0,0.8654867256637168,tou,D03 Type-II
1695,18,1.4413763364734589,1.4504823481116582,0.9893805309734514,0.0029498525073746312,demand,D03 Type-II
1695,18,0.5968883831623167,0.5714285714285601,0.01887905604719764,0.0,compressible,D03 Type-II
1715,19,0.20129353395262004,0.16146393972012626,0.0,0.0,resource,D03 Type-II
1715,19,0.14981438126467322,0.11223344556677681,0.0,0.0,kv,D03 Type-II
1715,19,1.037783488421286,0.9809193408499562,0.45597667638483963,0.15451895043731778,region,D03 Type-II
1715,19,2.1013271410840524,2.0982396365701304,1.0,0.8454810495626822,tou,D03 Type-II
1715,19,1.3994632922104302,1.3556370153144344,0.9842565597667638,0.0,demand,D03 Type-II
1715,19,0.6108052030016476,0.5892857142857025,0.019825072886297375,0.0,compressible,D03 Type-II
1890,20,0.18072377630113495,0.15343915343915074,0.0,0.0,resource,D03 Type-II
1890,20,0.14892817867018768,0.12371134020618343,0.0,0.0,kv,D03 Type-II
1890,20,1.0360884830777668,0.9809193408499562,0.4777777777777778,0.1328042328042328,region,D03 Type-II
1890,20,2.1106331823788946,2.1001838235294117,1.0,0.8671957671957672,tou,D03 Type-II
1890,20,1.3870933983645322,1.3431482581809377,0.9857142857142858,0.0,demand,D03 Type-II
1890,20,0.6087751869452606,0.5861365953108973,0.026455026455026454,0.0,compressible,D03 Type-II
1755,21,0.17039822587082015,0.1478083588175306,0.0,0.0,resource,D03 Type-II
1755,21,0.14611039874341672,0.11822660098521974,0.0,0.0,kv,D03 Type-II
1755,21,1.10035070068066,1.0459981600735968,0.5150997150997151,0.15840455840455842,region,D03 Type-II
1755,21,2.107388931609002,2.0993296770262035,1.0,0.8415954415954416,tou,D03 Type-II
1755,21,1.381460592126046,1.3218641114982579,0.9880341880341881,0.0,demand,D03 Type-II
1755,21,0.5889237567079728,0.5812701829924546,0.012535612535612535,0.0,compressible,D03 Type-II
1945,22,0.16888268830817452,0.14285714285714002,0.0,0.0,resource,D03 Type-II
1945,22,0.1430932338582475,0.10816125860373471,0.0,0.0,kv,D03 Type-II
1945,22,1.0843478407178875,0.9809193408499562,0.46786632390745503,0.16709511568123395,region,D03 Type-II
1945,22,2.1148119838104757,2.1064060803474485,1.0,0.8329048843187661,tou,D03 Type-II
1945,22,1.4030651722364187,1.3945005611672279,0.9938303341902314,0.0,demand,D03 Type-II
1945,22,0.5880024130208269,0.5657492354739965,0.005655526992287918,0.0,compressible,D03 Type-II
1850,23,0.16081917604364956,0.12378902045209682,0.0,0.0,resource,D03 Type-II
1850,23,0.13508710706935964,0.10648596321393826,0.0,0.0,kv,D03 Type-II
1850,23,1.0322128141378955,0.9461732548359963,0.432972972972973,0.14594594594594595,region,D03 Type-II
1850,23,2.115816710703681,2.1085409252669036,1.0,0.8540540540540541,tou,D03 Type-II
1850,23,1.4127483429482794,1.409652076318743,0.9843243243243244,0.0,demand,D03 Type-II
1850,23,0.5859070317585736,0.5502645502645406,0.008648648648648649,0.0,compressible,D03 Type-II
1790,24,0.15576542389764927,0.13095238095237835,0.0,0.0,resource,D03 Type-II
1790,24,0.1346941872072579,0.10928964445699009,0.0,0.0,kv,D03 Type-II
1790,24,1.0835720537254334,0.9809193408499562,0.464804469273743,0.14804469273743018,region,D03 Type-II
1790,24,2.121466725792067,2.1129115226337447,1.0,0.8519553072625698,tou,D03 Type-II
1790,24,1.380892471492993,1.3761106271777004,0.9709497206703911,0.0,demand,D03 Type-II
1790,24,0.5710560681882205,0.5489773950484294,0.002793296089385475,0.0,compressible,D03 Type-II
2125,25,0.14940624067397604,0.12232415902140466,0.0,0.0,resource,D03 Type-II
2125,25,0.1234570614174576,0.11337868480725409,0.0,0.0,kv,D03 Type-II
2125,25,1.0967622972220654,0.9587140992167101,0.4621176470588235,0.15670588235294117,region,D03 Type-II
2125,25,2.1093199166637824,2.104885057471264,1.0,0.8432941176470589,tou,D03 Type-II
2125,25,1.3528773646856636,1.3490279135440422,0.9849411764705882,0.0,demand,D03 Type-II
2125,25,0.554120276859917,0.534391534391525,0.007058823529411765,0.0,compressible,D03 Type-II
2020,26,0.1544998537650429,0.13095238095237835,0.0,0.0,resource,D03 Type-II
2020,26,0.12009826491242744,0.09164969450101677,0.0,0.0,kv,D03 Type-II
2020,26,1.1460173452138305,0.9809193408499562,0.47227722772277225,0.19306930693069307,region,D03 Type-II
2020,26,2.109780156593394,2.103386809269162,1.0,0.806930693069307,tou,D03 Type-II
2020,26,1.3647060569836553,1.359959349593496,0.9767326732673267,0.0,demand,D03 Type-II
2020,26,0.551230839361455,0.534391534391525,0.0024752475247524753,0.0,compressible,D03 Type-II
2100,27,0.15483342099777436,0.1190476190476167,0.0,0.0,resource,D03 Type-II
2100,27,0.11406231204944849,0.09680542110358024,0.0,0.0,kv,D03 Type-II
2100,27,1.1063172558842422,0.9461732548359963,0.45714285714285713,0.16666666666666666,region,D03 Type-II
2100,27,2.1066947249845205,2.1026666666666665,1.0,0.8333333333333334,tou,D03 Type-II
2100,27,1.3703160528163407,1.369212269212269,0.9676190476190476,0.0,demand,D03 Type-II
2100,27,0.5513990479893517,0.5357142857142752,0.004761904761904762,0.0,compressible,D03 Type-II
2100,28,0.14389626219777293,0.11309523809523585,0.0,0.0,resource,D03 Type-II
2100,28,0.10799201727609457,0.08163265306122311,0.0,0.0,kv,D03 Type-II
2100,28,1.1563505170046988,0.9809193408499562,0.48,0.18428571428571427,region,D03 Type-II
2100,28,2.1064327810443184,2.1026666666666665,1.0,0.8133333333333334,tou,D03 Type-II
2100,28,1.3691685266443385,1.3755673565722586,0.9619047619047619,0.002380952380952381,demand,D03 Type-II
2100,28,0.5470525458784656,0.536294691224259,0.007142857142857143,0.0,compressible,D03 Type-II
1990,29,0.14084786251604847,0.1190476190476167,0.002512562814070352,0.0,resource,D03 Type-II
1990,29,0.10387865490166838,0.08247422680412228,0.0,0.0,kv,D03 Type-II
1990,29,1.143310374176485,0.9809193408499562,0.46934673366834173,0.19095477386934673,region,D03 Type-II
1990,29,2.1099656854621305,2.1008418222976797,1.0,0.8090452261306532,tou,D03 Type-II
1990,29,1.3845050924424396,1.365079365079365,0.9613065326633166,0.0,demand,D03 Type-II
1990,29,0.5430707572770148,0.5291005291005197,0.0,0.0,compressible,D03 Type-II
1925,30,0.1563434527224392,0.13095238095237835,0.005194805194805195,0.0,resource,D03 Type-II
1925,30,0.11245534876272806,0.09183673469387599,0.0,0.0,kv,D03 Type-II
1925,30,1.123165172707379,0.9461732548359963,0.43948051948051947,0.1974025974025974,region,D03 Type-II
1925,30,2.1117057742389522,2.104918890633176,1.0,0.8025974025974026,tou,D03 Type-II
1925,30,1.372599776272264,1.3672499092229484,0.9522077922077922,0.0,demand,D03 Type-II
1925,30,0.5212161866113838,0.5132275132275042,0.0,0.0,compressible,D03 Type-II
2085,31,0.14212760708299157,0.12378902045209682,0.0,0.0,resource,D03 Type-II
2085,31,0.1056739661508858,0.09155645981688554,0.0,0.0,kv,D03 Type-II
2085,31,1.1311966508420706,0.9809193408499562,0.4666666666666667,0.18752997601918464,region,D03 Type-II
2085,31,2.111956175042542,2.104918890633176,1.0,0.8124700239808154,tou,D03 Type-II
2085,31,1.3621861722099524,1.3476584642913243,0.9496402877697842,0.0,demand,D03 Type-II
2085,31,0.5303836403075254,0.5178571428571326,0.0,0.0,compressible,D03 Type-II
2015,32,0.1420020158974027,0.11309523809523585,0.0024813895781637717,0.0,resource,D03 Type-II
2015,32,0.11223700354522038,0.09699321047526516,0.0,0.0,kv,D03 Type-II
2015,32,1.0598889601565684,0.919308357348703,0.41935483870967744,0.1662531017369727,region,D03 Type-II
2015,32,2.1133942388612166,2.106089139987445,1.0,0.8337468982630273,tou,D03 Type-II
2015,32,1.3778219610913662,1.368294668294668,0.9692307692307692,0.0,demand,D03 Type-II
2015,32,0.5278337498538385,0.5185185185185094,0.0024813895781637717,0.0,compressible,D03 Type-II
2010,33,0.14610111643545215,0.11722731906217945,0.0,0.0,resource,D03 Type-II
2010,33,0.11259322011514805,0.09297520661156865,0.0,0.0,kv,D03 Type-II
2010,33,1.0171706185375384,0.7292648444863337,0.4129353233830846,0.14527363184079603,region,D03 Type-II
2010,33,2.10942713981124,2.106089139987445,1.0,0.854726368159204,tou,D03 Type-II
2010,33,1.3862042622392856,1.407194337447042,0.954228855721393,0.0,demand,D03 Type-II
2010,33,0.521872063871707,0.5178571428571326,0.0024875621890547263,0.0,compressible,D03 Type-II
2285,34,0.14425886115719394,0.10292524377031233,0.00087527352297593,0.0,resource,D03 Type-II
2285,34,0.10815015033148524,0.09202453987729906,0.0,0.0,kv,D03 Type-II
2285,34,1.035392105812526,0.8135109419600389,0.424945295404814,0.1575492341356674,region,D03 Type-II
2285,34,2.1075600188702976,2.100225225225225,1.0,0.8424507658643327,tou,D03 Type-II
2285,34,1.3732291750290577,1.3958333333333335,0.9466083150984683,0.0,demand,D03 Type-II
2285,34,0.5227368970668417,0.5132275132275042,0.002188183807439825,0.0,compressible,D03 Type-II
2215,35,0.13997172000756375,0.10193679918450387,0.0,0.0,resource,D03 Type-II
2215,35,0.10412973509088287,0.08720930232557998,0.0,0.0,kv,D03 Type-II
2215,35,1.0407811577157873,0.9461732548359963,0.4717832957110609,0.1580135440180587,region,D03 Type-II
2215,35,2.1102818779513544,2.1067251461988303,1.0,0.8419864559819413,tou,D03 Type-II
2215,35,1.394047740612632,1.4134040628756979,0.963882618510158,0.0,demand,D03 Type-II
2215,35,0.5237956753223898,0.5132275132275042,0.002257336343115124,0.0,compressible,D03 Type-II
2115,36,0.14079281734372714,0.11213047910295426,0.004728132387706856,0.0,resource,D03 Type-II
2115,36,0.10773011532771598,0.09394572025052028,0.0,0.0,kv,D03 Type-II
2115,36,1.002023367430653,0.6953585036369936,0.44680851063829785,0.15697399527186762,region,D03 Type-II
2115,36,2.1108889899472816,2.1092436974789917,1.0,0.8416075650118203,tou,D03 Type-II
2115,36,1.4029895887480663,1.4276086083302435,0.9659574468085106,0.0014184397163120568,demand,D03 Type-II
2115,36,0.5068232692254382,0.5026455026454938,0.0070921985815602835,0.0,compressible,D03 Type-II
1890,37,0.1371957446726023,0.10714285714285503,0.0,0.0,resource,D03 Type-II
1890,37,0.10709233693258399,0.09211873080859617,0.0,0.0,kv,D03 Type-II
1890,37,1.0355355351081825,0.7258367807446416,0.4444444444444444,0.16560846560846562,region,D03 Type-II
1890,37,2.1077065760591642,2.100939370133532,1.0,0.8343915343915344,tou,D03 Type-II
1890,37,1.3887298024178132,1.3958333333333335,0.9481481481481482,0.0,demand,D03 Type-II
1890,37,0.5036013506498445,0.5059523809523709,0.0,0.0,compressible,D03 Type-II
2165,38,0.1478144494132356,0.11213047910295426,0.0,0.0,resource,D03 Type-II
2165,38,0.10707844160587464,0.09174311926605348,0.0,0.0,kv,D03 Type-II
2165,38,1.0386975925282038,0.6953585036369936,0.45265588914549654,0.17043879907621248,region,D03 Type-II
2165,38,2.1075101063068944,2.1044402751719824,1.0,0.8295612009237875,tou,D03 Type-II
2165,38,1.386361281167368,1.4017857142857142,0.9242494226327944,0.0,demand,D03 Type-II
2165,38,0.5095399570082338,0.5119047619047518,0.0,0.0,compressible,D03 Type-II
2090,39,0.14701172808967738,0.10764262648008419,0.0,0.0,resource,D03 Type-II
2090,39,0.1125550775354774,0.09183673469387599,0.0,0.0,kv,D03 Type-II
2090,39,1.04363580773157,0.6953585036369936,0.41148325358851673,0.18325358851674642,region,D03 Type-II
2090,39,2.1039119140175546,2.0963097333477014,1.0,0.8167464114832536,tou,D03 Type-II
2090,39,1.3902259100720635,1.420489844683393,0.930622009569378,0.0,demand,D03 Type-II
2090,39,0.4888897126816391,0.48929663608561863,0.0,0.0,compressible,D03 Type-II
2055,40,0.14471536110577557,0.10193679918450387,0.0,0.0,resource,D03 Type-II
2055,40,0.11202978201685522,0.09081735620585114,0.0,0.0,kv,D03 Type-II
2055,40,1.1008919129030832,0.9928556419415843,0.47250608272506084,0.20048661800486617,region,D03 Type-II
2055,40,2.1028852796814967,2.0953593661573287,1.0,0.7995133819951338,tou,D03 Type-II
2055,40,1.3848896115104377,1.420489844683393,0.9240875912408759,0.0,demand,D03 Type-II
2055,40,0.49632642042701175,0.4973544973544886,0.0024330900243309003,0.0,compressible,D03 Type-II
2235,41,0.13232182134609385,0.10119047619047418,0.0022371364653243847,0.0,resource,D03 Type-II
2235,41,0.10613749627096343,0.09018036072144138,0.0,0.0,kv,D03 Type-II
2235,41,1.0995302131863534,0.9809193408499562,0.4389261744966443,0.2040268456375839,region,D03 Type-II
2235,41,2.1058510968214317,2.097006332757628,1.0,0.7959731543624161,tou,D03 Type-II
2235,41,1.3990267009162705,1.420489844683393,0.9194630872483222,0.0,demand,D03 Type-II
2235,41,0.4888162089949207,0.48977395048438305,0.0,0.0,compressible,D03 Type-II
2285,42,0.13294290773349368,0.10193679918450387,0.0,0.0,resource,D03 Type-II
2285,42,0.0972342039751865,0.08447729672650327,0.0,0.0,kv,D03 Type-II
2285,42,1.0973291776928067,0.9809193408499562,0.40525164113785556,0.20568927789934355,region,D03 Type-II
2285,42,2.105233333142752,2.10052390307793,1.0,0.7943107221006565,tou,D03 Type-II
2285,42,1.4018055886000225,1.420489844683393,0.9264770240700219,0.0,demand,D03 Type-II
2285,42,0.47600765432129943,0.47089947089946255,0.002188183807439825,0.0,compressible,D03 Type-II
2080,43,0.12318069768803835,0.10119047619047418,0.0,0.0,resource,D03 Type-II
2080,43,0.09958367032938958,0.08171603677221516,0.0,0.0,kv,D03 Type-II
2080,43,1.1824161042051662,0.9928556419415843,0.47115384615384615,0.23317307692307693,region,D03 Type-II
2080,43,2.102307098756561,2.097445038621509,1.0,0.7668269230769231,tou,D03 Type-II
2080,43,1.369181096163835,1.3581790123456787,0.9461538461538461,0.0,demand,D03 Type-II
2080,43,0.4915366988192762,0.49206349206348343,0.0,0.0,compressible,D03 Type-II
2230,44,0.13158553667898643,0.10193679918450387,0.0,0.0,resource,D03 Type-II
2230,44,0.10306401387093929,0.08695652173912903,0.0,0.0,kv,D03 Type-II
2230,44,1.1187321332719455,0.9809193408499562,0.44484304932735425,0.2040358744394619,region,D03 Type-II
2230,44,2.1086292823407815,2.1044950379451253,1.0,0.795067264573991,tou,D03 Type-II
2230,44,1.3911774146736857,1.375072465129091,0.952914798206278,0.0008968609865470852,demand,D03 Type-II
2230,44,0.4850884590484724,0.48212351029251566,0.002242152466367713,0.0,compressible,D03 Type-II
2145,45,0.12544149202270083,0.10193679918450387,0.0,0.0,resource,D03 Type-II
2145,45,0.10339971522421552,0.08746355685131053,0.0,0.0,kv,D03 Type-II
2145,45,1.1719014305358342,0.9928556419415843,0.46806526806526805,0.2261072261072261,region,D03 Type-II
2145,45,2.1088427992779066,2.1054181389870434,1.0,0.7738927738927739,tou,D03 Type-II
2145,45,1.384302854555506,1.3676883780332056,0.9678321678321679,0.0,demand,D03 Type-II
2145,45,0.4745998740274281,0.46560846560845737,0.0,0.0,compressible,D03 Type-II
2285,46,0.1261534014897488,0.10052910052909876,0.0,0.0,resource,D03 Type-II
2285,46,0.09392450019643017,0.0799200799200786,0.0,0.0,kv,D03 Type-II
2285,46,1.1836300414185774,0.9928556419415843,0.4910284463894967,0.20350109409190373,region,D03 Type-II
2285,46,2.0990039286513804,2.0933333333333333,1.0,0.7964989059080962,tou,D03 Type-II
2285,46,1.3740473582519672,1.3676883780332056,0.9592997811816193,0.0,demand,D03 Type-II
2285,46,0.4784480610338126,0.46428571428570503,0.002188183807439825,0.0,compressible,D03 Type-II
2160,47,0.12971161547843363,0.10052910052909876,0.0,0.0,resource,D03 Type-II
2160,47,0.09992546223870766,0.0803212851405609,0.0,0.0,kv,D03 Type-II
2160,47,1.0873552170652625,0.9809193408499562,0.44675925925925924,0.1550925925925926,region,D03 Type-II
2160,47,2.1052732215657657,2.100108053376857,1.0,0.8449074074074074,tou,D03 Type-II
2160,47,1.386767085882568,1.3809523809523812,0.9722222222222222,0.0,demand,D03 Type-II
2160,47,0.4763621255174745,0.4603174603174522,0.0,0.0,compressible,D03 Type-II
2070,48,0.13509536057092492,0.10052910052909876,0.0,0.0,resource,D03 Type-II
2070,48,0.09840748405990736,0.07135575942915272,0.0,0.0,kv,D03 Type-II
2070,48,1.1175547127109837,0.9884005881391916,0.47681159420289854,0.15942028985507245,region,D03 Type-II
2070,48,2.105311097967118,2.0996441281138787,1.0,0.8405797101449275,tou,D03 Type-II
2070,48,1.389746519771196,1.3969424426940769,0.9816425120772947,0.0,demand,D03 Type-II
2070,48,0.467419609878505,0.455026455026447,0.0,0.0,compressible,D03 Type-II
1800,49,0.13512932289307916,0.10052910052909876,0.002777777777777778,0.0,resource,D03 Type-II
1800,49,0.10794025461885659,0.07238883143743412,0.0,0.0,kv,D03 Type-II
1800,49,1.0349876019072037,0.9080590238365495,0.42944444444444446,0.13333333333333333,region,D03 Type-II
1800,49,2.1041097148394443,2.0979643765903306,1.0,0.8666666666666667,tou,D03 Type-II
1800,49,1.3915626220065582,1.3952492851798408,0.9816666666666667,0.0,demand,D03 Type-II
1800,49,0.4709526110614908,0.455026455026447,0.0,0.0,compressible,D03 Type-II
1995,50,0.1289822047791135,0.09174311926605348,0.005012531328320802,0.0,resource,D03 Type-II
1995,50,0.09492554714798056,0.05359056806002048,0.0,0.0,kv,D03 Type-II
1995,50,1.107818717532281,0.9216392318244166,0.44611528822055135,0.16290726817042606,region,D03 Type-II
1995,50,2.1059855289730067,2.1001552795031055,1.0,0.8370927318295739,tou,D03 Type-II
1995,50,1.403827223406745,1.4238095238095239,0.9924812030075187,0.0,demand,D03 Type-II
1995,50,0.46000909284031616,0.43595263724434097,0.002506265664160401,0.0,compressible,D03 Type-II
