base,calls,empty,recipes,prunable_recipes,deny_rate
875001,324,174,1907,255,0.13371788148925012
875002,324,204,1921,240,0.12493492972410203
875003,324,139,1932,226,0.11697722567287784
875004,324,154,1895,267,0.14089709762532981
875005,324,162,1873,171,0.09129738387613455
875006,324,218,1878,343,0.18264110756123536
875007,324,167,1917,347,0.18101199791340636
875008,324,146,1883,302,0.16038236856080723
875009,324,209,1932,337,0.17443064182194618
875010,324,191,1916,350,0.1826722338204593
875011,324,159,1904,173,0.09086134453781512
875012,324,172,1887,317,0.1679915209326974
875013,324,195,1917,258,0.13458528951486698
875014,324,162,1903,246,0.12926957435627956
875015,324,210,1928,245,0.1270746887966805
875016,324,179,1925,329,0.1709090909090909
885001,324,195,1912,310,0.16213389121338911
885002,324,196,1881,384,0.20414673046251994
885003,324,235,1899,325,0.17114270668773038
885004,324,180,1907,287,0.15049816465652857
885005,324,168,1855,339,0.18274932614555256
885006,324,166,1898,303,0.1596417281348788
885007,324,189,1872,342,0.18269230769230768
885008,324,202,1911,338,0.17687074829931973
885009,324,187,1898,322,0.1696522655426765
885010,324,158,1867,279,0.1494376004284949
885011,324,190,1903,343,0.18024172359432475
885012,324,184,1891,343,0.18138551031200423
885013,324,197,1928,327,0.1696058091286307
885014,324,185,1901,336,0.17674907943187795
885015,324,209,1915,349,0.18224543080939948
885016,324,170,1888,300,0.15889830508474576
